# 로그 생성 정보
# 명령어: ros2 launch draco_roundtrip server.launch.py use_sim_time:=true run_slam:=true
# 생성 시각: 2025-10-16T18:01:44.237496
[2025-10-16 18:01:44.331676][robot_state_publisher-1][STDERR] [INFO] [1760605304.330505556] [robot_state_publisher]: got segment base_link
[2025-10-16 18:01:44.331676][robot_state_publisher-1][STDERR] [INFO] [1760605304.330627929] [robot_state_publisher]: got segment lidar_frame
[2025-10-16 18:01:44.709402][time_jump_reset-5][STDERR] [WARN] [1760605304.706742098] [time_jump_reset]: icp_odometry 노드의 change_state 서비스가 아직 발견되지 않았습니다. 추후 재시도합니다.
[2025-10-16 18:01:44.709402][time_jump_reset-5][STDERR] [WARN] [1760605304.707956491] [time_jump_reset]: rtabmap 노드의 change_state 서비스가 아직 발견되지 않았습니다. 추후 재시도합니다.
[2025-10-16 18:01:44.714664][time_jump_reset-5][STDERR] [INFO] [1760605304.713822013] [time_jump_reset]: 라이프사이클 매니저 시작. 관리 대상: ['icp_odometry', 'rtabmap']
[2025-10-16 18:01:44.732525][rtabmap-4][STDERR] [WARN] [1760605304.730421328] [rtabmap]: Parameter "queue_size" has been renamed to "sync_queue_size" and will be removed in future versions! The value (10) is copied to "sync_queue_size".
[2025-10-16 18:01:44.745434][rtabmap-4][STDERR] [INFO] [1760605304.740544866] [rtabmap]: rtabmap(maps): latch                      = true
[2025-10-16 18:01:44.745434][rtabmap-4][STDERR] [INFO] [1760605304.740586756] [rtabmap]: rtabmap(maps): map_filter_radius          = 0.000000
[2025-10-16 18:01:44.745434][rtabmap-4][STDERR] [INFO] [1760605304.740613904] [rtabmap]: rtabmap(maps): map_filter_angle           = 30.000000
[2025-10-16 18:01:44.745434][rtabmap-4][STDERR] [INFO] [1760605304.740629087] [rtabmap]: rtabmap(maps): map_cleanup                = true
[2025-10-16 18:01:44.745434][rtabmap-4][STDERR] [INFO] [1760605304.740642017] [rtabmap]: rtabmap(maps): map_always_update          = false
[2025-10-16 18:01:44.745434][rtabmap-4][STDERR] [INFO] [1760605304.740654115] [rtabmap]: rtabmap(maps): map_empty_ray_tracing      = true
[2025-10-16 18:01:44.745434][rtabmap-4][STDERR] [INFO] [1760605304.740666307] [rtabmap]: rtabmap(maps): cloud_output_voxelized     = true
[2025-10-16 18:01:44.745434][rtabmap-4][STDERR] [INFO] [1760605304.740678897] [rtabmap]: rtabmap(maps): cloud_subtract_filtering   = false
[2025-10-16 18:01:44.745434][rtabmap-4][STDERR] [INFO] [1760605304.740691319] [rtabmap]: rtabmap(maps): cloud_subtract_filtering_min_neighbors = 2
[2025-10-16 18:01:44.746832][rtabmap-4][STDERR] [INFO] [1760605304.741238828] [rtabmap]: rtabmap(maps): octomap_tree_depth         = 16
[2025-10-16 18:01:44.771535][rtabmap-4][STDERR] [INFO] [1760605304.770148927] [rtabmap]: rtabmap: frame_id      = base_link
[2025-10-16 18:01:44.772508][rtabmap-4][STDERR] [INFO] [1760605304.770362989] [rtabmap]: rtabmap: odom_frame_id = odom
[2025-10-16 18:01:44.772508][rtabmap-4][STDERR] [INFO] [1760605304.770380747] [rtabmap]: rtabmap: map_frame_id  = map
[2025-10-16 18:01:44.772508][rtabmap-4][STDERR] [INFO] [1760605304.770393154] [rtabmap]: rtabmap: log_to_rosout_level  = 4
[2025-10-16 18:01:44.772508][rtabmap-4][STDERR] [INFO] [1760605304.770405839] [rtabmap]: rtabmap: initial_pose  = 
[2025-10-16 18:01:44.772508][rtabmap-4][STDERR] [INFO] [1760605304.770417253] [rtabmap]: rtabmap: use_action_for_goal  = false
[2025-10-16 18:01:44.772508][rtabmap-4][STDERR] [INFO] [1760605304.770428325] [rtabmap]: rtabmap: tf_delay      = 0.050000
[2025-10-16 18:01:44.772508][rtabmap-4][STDERR] [INFO] [1760605304.770451978] [rtabmap]: rtabmap: tf_tolerance  = 0.100000
[2025-10-16 18:01:44.772508][rtabmap-4][STDERR] [INFO] [1760605304.770468233] [rtabmap]: rtabmap: odom_sensor_sync   = false
[2025-10-16 18:01:44.772508][rtabmap-4][STDERR] [INFO] [1760605304.770480092] [rtabmap]: rtabmap: pub_loc_pose_only_when_localizing = false
[2025-10-16 18:01:44.772508][rtabmap-4][STDERR] [INFO] [1760605304.770490737] [rtabmap]: rtabmap: wait_for_transform = 0.200000
[2025-10-16 18:01:44.772508][rtabmap-4][STDERR] [INFO] [1760605304.770502847] [rtabmap]: rtabmap: staleness_factor = 0.000000
[2025-10-16 18:01:44.772508][rtabmap-4][STDERR] [INFO] [1760605304.770517732] [rtabmap]: rtabmap: gen_scan  = false
[2025-10-16 18:01:44.772508][rtabmap-4][STDERR] [INFO] [1760605304.770528686] [rtabmap]: rtabmap: gen_depth  = false
[2025-10-16 18:01:44.772508][rtabmap-4][STDERR] [INFO] [1760605304.770541293] [rtabmap]: rtabmap: scan_cloud_max_points = 0
[2025-10-16 18:01:44.772508][rtabmap-4][STDERR] [INFO] [1760605304.770553480] [rtabmap]: rtabmap: scan_cloud_is_2d = false
[2025-10-16 18:01:44.810045][rtabmap-4][STDERR] [WARN] [1760605304.807565182] [rtabmap]: rtabmap: 노드가 비활성(inactive) 상태로 시작합니다. lifecycle 'change_state -> ACTIVATE' 또는 /rtabmap/resume 서비스를 호출해 활성화하세요.
[2025-10-16 18:01:44.821867][rtabmap-4][STDERR] [INFO] [1760605304.812021028] [rtabmap]: Setting RTAB-Map parameter "Grid/3D"="true" (rosparam)
[2025-10-16 18:01:44.821867][rtabmap-4][STDERR] [INFO] [1760605304.812143413] [rtabmap]: Setting RTAB-Map parameter "Grid/CellSize"="0.2" (rosparam)
[2025-10-16 18:01:44.821867][rtabmap-4][STDERR] [INFO] [1760605304.812233307] [rtabmap]: Setting RTAB-Map parameter "Grid/ClusterRadius"="0.5" (rosparam)
[2025-10-16 18:01:44.821867][rtabmap-4][STDERR] [INFO] [1760605304.813426053] [rtabmap]: Setting RTAB-Map parameter "Grid/Sensor"="true" (rosparam)
[2025-10-16 18:01:44.821867][rtabmap-4][STDERR] [INFO] [1760605304.814247638] [rtabmap]: Setting RTAB-Map parameter "Icp/CorrespondenceRatio"="0.07" (rosparam)
[2025-10-16 18:01:44.821867][rtabmap-4][STDERR] [INFO] [1760605304.814467349] [rtabmap]: Setting RTAB-Map parameter "Icp/Epsilon"="0.001" (rosparam)
[2025-10-16 18:01:44.821867][rtabmap-4][STDERR] [INFO] [1760605304.814635516] [rtabmap]: Setting RTAB-Map parameter "Icp/Iterations"="30" (rosparam)
[2025-10-16 18:01:44.821867][rtabmap-4][STDERR] [INFO] [1760605304.814784021] [rtabmap]: Setting RTAB-Map parameter "Icp/MaxRotation"="1.0" (rosparam)
[2025-10-16 18:01:44.821867][rtabmap-4][STDERR] [INFO] [1760605304.814860635] [rtabmap]: Setting RTAB-Map parameter "Icp/MaxTranslation"="0.35" (rosparam)
[2025-10-16 18:01:44.830028][rtabmap-4][STDERR] [INFO] [1760605304.824812650] [rtabmap]: Setting RTAB-Map parameter "Mem/NotLinkedNodesKept"="true" (rosparam)
[2025-10-16 18:01:44.830028][rtabmap-4][STDERR] [INFO] [1760605304.825318011] [rtabmap]: Setting RTAB-Map parameter "Mem/STMSize"="30" (rosparam)
[2025-10-16 18:01:44.830938][rtabmap-4][STDERR] [INFO] [1760605304.826192023] [rtabmap]: Setting RTAB-Map parameter "Optimizer/GravitySigma"="0" (rosparam)
[2025-10-16 18:01:44.830938][rtabmap-4][STDERR] [INFO] [1760605304.827598504] [rtabmap]: Setting RTAB-Map parameter "RGBD/AngularUpdate"="0" (rosparam)
[2025-10-16 18:01:44.830938][rtabmap-4][STDERR] [INFO] [1760605304.828587371] [rtabmap]: Setting RTAB-Map parameter "RGBD/LinearUpdate"="0" (rosparam)
[2025-10-16 18:01:44.838402][rtabmap-4][STDERR] [INFO] [1760605304.831233301] [rtabmap]: Setting RTAB-Map parameter "RGBD/ProximityPathMaxNeighbors"="1" (rosparam)
[2025-10-16 18:01:44.838402][rtabmap-4][STDERR] [INFO] [1760605304.831583633] [rtabmap]: Setting RTAB-Map parameter "Reg/Strategy"="1" (rosparam)
[2025-10-16 18:01:44.842340][rtabmap-4][STDERR] [INFO] [1760605304.833340721] [rtabmap]: Setting RTAB-Map parameter "Rtabmap/SaveWMState"="false" (rosparam)
[2025-10-16 18:01:44.843648][rtabmap-4][STDERR] [INFO] [1760605304.843093656] [rtabmap]: Setting "Icp/PointToPlaneRadius" parameter to 0 (default 0.000000) as "subscribe_scan_cloud" is true.
[2025-10-16 18:01:44.844565][rtabmap-4][STDERR] [INFO] [1760605304.843621590] [rtabmap]: RTAB-Map detection rate = 1.000000 Hz
[2025-10-16 18:01:44.844565][rtabmap-4][STDERR] [INFO] [1760605304.843707080] [rtabmap]: rtabmap: Using database from "/home/kkit/newdisk/draco_tcpip/data/maps/rtabmap_20251016_180144_237496.db" (0 MB).
[2025-10-16 18:01:44.858305][icp_odometry-3][STDERR] [INFO] [1760605304.855242463] [icp_odometry]: Odometry: frame_id               = base_link
[2025-10-16 18:01:44.858305][icp_odometry-3][STDERR] [INFO] [1760605304.855464136] [icp_odometry]: Odometry: odom_frame_id          = odom
[2025-10-16 18:01:44.858305][icp_odometry-3][STDERR] [INFO] [1760605304.855481214] [icp_odometry]: Odometry: publish_tf             = true
[2025-10-16 18:01:44.858305][icp_odometry-3][STDERR] [INFO] [1760605304.855490989] [icp_odometry]: Odometry: wait_for_transform     = 0.500000
[2025-10-16 18:01:44.858305][icp_odometry-3][STDERR] [INFO] [1760605304.855508656] [icp_odometry]: Odometry: log_to_rosout_level    = 4
[2025-10-16 18:01:44.858305][icp_odometry-3][STDERR] [INFO] [1760605304.855533520] [icp_odometry]: Odometry: initial_pose           = xyz=0.000000,0.000000,0.000000 rpy=0.000000,-0.000000,0.000000
[2025-10-16 18:01:44.858305][icp_odometry-3][STDERR] [INFO] [1760605304.855544212] [icp_odometry]: Odometry: ground_truth_frame_id  = 
[2025-10-16 18:01:44.858305][icp_odometry-3][STDERR] [INFO] [1760605304.855553123] [icp_odometry]: Odometry: ground_truth_base_frame_id = base_link
[2025-10-16 18:01:44.858305][icp_odometry-3][STDERR] [INFO] [1760605304.855562304] [icp_odometry]: Odometry: config_path            = 
[2025-10-16 18:01:44.858305][icp_odometry-3][STDERR] [INFO] [1760605304.855571107] [icp_odometry]: Odometry: publish_null_when_lost = true
[2025-10-16 18:01:44.858305][icp_odometry-3][STDERR] [INFO] [1760605304.855579707] [icp_odometry]: Odometry: publish_compressed_sensor_data = false
[2025-10-16 18:01:44.858305][icp_odometry-3][STDERR] [INFO] [1760605304.855588488] [icp_odometry]: Odometry: guess_frame_id         = 
[2025-10-16 18:01:44.858305][icp_odometry-3][STDERR] [INFO] [1760605304.855603858] [icp_odometry]: Odometry: guess_min_translation  = 0.000000
[2025-10-16 18:01:44.858305][icp_odometry-3][STDERR] [INFO] [1760605304.855614734] [icp_odometry]: Odometry: guess_min_rotation     = 0.000000
[2025-10-16 18:01:44.858305][icp_odometry-3][STDERR] [INFO] [1760605304.855624313] [icp_odometry]: Odometry: guess_min_time         = 0.000000
[2025-10-16 18:01:44.858305][icp_odometry-3][STDERR] [INFO] [1760605304.855633841] [icp_odometry]: Odometry: guess_linear_variance  = 0.001000
[2025-10-16 18:01:44.858305][icp_odometry-3][STDERR] [INFO] [1760605304.855644445] [icp_odometry]: Odometry: guess_angular_variance = 0.001000
[2025-10-16 18:01:44.858305][icp_odometry-3][STDERR] [INFO] [1760605304.855657619] [icp_odometry]: Odometry: expected_update_rate   = 0.000000 Hz
[2025-10-16 18:01:44.858305][icp_odometry-3][STDERR] [INFO] [1760605304.855667311] [icp_odometry]: Odometry: max_update_rate        = 0.000000 Hz
[2025-10-16 18:01:44.858305][icp_odometry-3][STDERR] [INFO] [1760605304.855676643] [icp_odometry]: Odometry: min_update_rate        = 0.000000 Hz
[2025-10-16 18:01:44.858305][icp_odometry-3][STDERR] [INFO] [1760605304.855686054] [icp_odometry]: Odometry: wait_imu_to_init       = false
[2025-10-16 18:01:44.858305][icp_odometry-3][STDERR] [INFO] [1760605304.855694954] [icp_odometry]: Odometry: always_check_imu_tf    = true
[2025-10-16 18:01:44.858305][icp_odometry-3][STDERR] [INFO] [1760605304.855704166] [icp_odometry]: Odometry: sensor_data_compression_format = .jpg
[2025-10-16 18:01:44.858305][icp_odometry-3][STDERR] [INFO] [1760605304.855712976] [icp_odometry]: Odometry: sensor_data_parallel_compression = true
[2025-10-16 18:01:44.858305][icp_odometry-3][STDERR] [INFO] [1760605304.855733257] [icp_odometry]: Odometry: stereoParams_=0 visParams_=0 icpParams_=1
[2025-10-16 18:01:44.861148][icp_odometry-3][STDERR] [INFO] [1760605304.859717529] [icp_odometry]: Setting odometry parameter "Icp/CorrespondenceRatio"="0.07"
[2025-10-16 18:01:44.863674][icp_odometry-3][STDERR] [INFO] [1760605304.860441390] [icp_odometry]: Setting odometry parameter "Icp/Epsilon"="0.001"
[2025-10-16 18:01:44.863674][icp_odometry-3][STDERR] [INFO] [1760605304.861328269] [icp_odometry]: Setting odometry parameter "Icp/MaxRotation"="1.0"
[2025-10-16 18:01:44.863674][icp_odometry-3][STDERR] [INFO] [1760605304.861488702] [icp_odometry]: Setting odometry parameter "Icp/MaxTranslation"="0.35"
[2025-10-16 18:01:44.866223][icp_odometry-3][STDERR] [INFO] [1760605304.862939787] [icp_odometry]: Setting odometry parameter "Icp/PointToPlaneK"="20"
[2025-10-16 18:01:44.866223][icp_odometry-3][STDERR] [INFO] [1760605304.863466179] [icp_odometry]: Setting odometry parameter "Icp/PointToPlaneRadius"="0"
[2025-10-16 18:01:44.867446][icp_odometry-3][STDERR] [INFO] [1760605304.865086964] [icp_odometry]: Setting odometry parameter "Icp/VoxelSize"="0.12"
[2025-10-16 18:01:44.869440][icp_odometry-3][STDERR] [INFO] [1760605304.868767351] [icp_odometry]: Setting odometry parameter "Odom/ResetCountdown"="3"
[2025-10-16 18:01:44.873856][icp_odometry-3][STDERR] [INFO] [1760605304.869542366] [icp_odometry]: Setting odometry parameter "Odom/ScanKeyFrameThr"="0.4"
[2025-10-16 18:01:44.873856][icp_odometry-3][STDERR] [INFO] [1760605304.869965764] [icp_odometry]: Setting odometry parameter "OdomF2M/BundleAdjustment"="false"
[2025-10-16 18:01:44.873856][icp_odometry-3][STDERR] [INFO] [1760605304.870945014] [icp_odometry]: Setting odometry parameter "OdomF2M/ScanMaxSize"="15000"
[2025-10-16 18:01:44.873856][icp_odometry-3][STDERR] [INFO] [1760605304.871298736] [icp_odometry]: Setting odometry parameter "OdomF2M/ScanSubtractRadius"="0.2"
[2025-10-16 18:01:44.889813][icp_odometry-3][STDERR] [WARN] [1760605304.888379297] [icp_odometry]: IcpOdometry: Transferring value 0.12 of "Icp/VoxelSize" to ros parameter "scan_voxel_size" for convenience. "Icp/VoxelSize" is set to 0.
[2025-10-16 18:01:44.889813][icp_odometry-3][STDERR] [WARN] [1760605304.888462029] [icp_odometry]: IcpOdometry: Transferring value 20 of "Icp/PointToPlaneK" to ros parameter "scan_normal_k" for convenience.
[2025-10-16 18:01:44.901072][icp_odometry-3][STDERR] [INFO] [1760605304.900509599] [icp_odometry]: IcpOdometry: qos                    = 0
[2025-10-16 18:01:44.901072][icp_odometry-3][STDERR] [INFO] [1760605304.900550457] [icp_odometry]: IcpOdometry: scan_cloud_max_points  = -1
[2025-10-16 18:01:44.901785][icp_odometry-3][STDERR] [INFO] [1760605304.900570964] [icp_odometry]: IcpOdometry: scan_cloud_is_2d       = false
[2025-10-16 18:01:44.901785][icp_odometry-3][STDERR] [INFO] [1760605304.900607390] [icp_odometry]: IcpOdometry: scan_downsampling_step = 1
[2025-10-16 18:01:44.901785][icp_odometry-3][STDERR] [INFO] [1760605304.900628565] [icp_odometry]: IcpOdometry: scan_range_min         = 0.000000 m
[2025-10-16 18:01:44.901785][icp_odometry-3][STDERR] [INFO] [1760605304.900647967] [icp_odometry]: IcpOdometry: scan_range_max         = 0.000000 m
[2025-10-16 18:01:44.902516][icp_odometry-3][STDERR] [INFO] [1760605304.900660775] [icp_odometry]: IcpOdometry: scan_voxel_size        = 0.120000 m
[2025-10-16 18:01:44.902516][icp_odometry-3][STDERR] [INFO] [1760605304.900674188] [icp_odometry]: IcpOdometry: scan_normal_k          = 20
[2025-10-16 18:01:44.902516][icp_odometry-3][STDERR] [INFO] [1760605304.900685814] [icp_odometry]: IcpOdometry: scan_normal_radius     = 0.000000 m
[2025-10-16 18:01:44.902516][icp_odometry-3][STDERR] [INFO] [1760605304.900705159] [icp_odometry]: IcpOdometry: scan_normal_ground_up  = 0.000000
[2025-10-16 18:01:44.902516][icp_odometry-3][STDERR] [INFO] [1760605304.900718545] [icp_odometry]: IcpOdometry: deskewing              = false
[2025-10-16 18:01:44.902516][icp_odometry-3][STDERR] [INFO] [1760605304.900732263] [icp_odometry]: IcpOdometry: deskewing_slerp        = false
[2025-10-16 18:01:44.902516][icp_odometry-3][STDERR] [INFO] [1760605304.900743946] [icp_odometry]: IcpOdometry: topic_queue_size       = 1
[2025-10-16 18:01:44.904559][icp_odometry-3][STDERR] [INFO] [1760605304.903944919] [icp_odometry]: 
[2025-10-16 18:01:44.904559][icp_odometry-3][STDERR] icp_odometry subscribed to /scan and /stream_pair/decoded (make sure only one of this topic is published, otherwise remap one to a dummy topic name).
[2025-10-16 18:01:45.046897][rtabmap-4][STDERR] [INFO] [1760605305.046514498] [rtabmap]: rtabmap: Database version = "0.22.1".
[2025-10-16 18:01:45.047362][rtabmap-4][STDERR] [INFO] [1760605305.046615301] [rtabmap]: rtabmap: SLAM mode (Mem/IncrementalMemory=true)
[2025-10-16 18:01:45.079028][rtabmap-4][STDERR] [INFO] [1760605305.078458070] [rtabmap]: Setup callbacks
[2025-10-16 18:01:45.081855][rtabmap-4][STDERR] [INFO] [1760605305.078666652] [rtabmap]: rtabmap: subscribe_depth = false
[2025-10-16 18:01:45.081855][rtabmap-4][STDERR] [INFO] [1760605305.078697111] [rtabmap]: rtabmap: subscribe_rgb = false
[2025-10-16 18:01:45.081855][rtabmap-4][STDERR] [INFO] [1760605305.078714028] [rtabmap]: rtabmap: subscribe_stereo = false
[2025-10-16 18:01:45.081855][rtabmap-4][STDERR] [INFO] [1760605305.078728695] [rtabmap]: rtabmap: subscribe_rgbd = false (rgbd_cameras=1)
[2025-10-16 18:01:45.081855][rtabmap-4][STDERR] [INFO] [1760605305.078796468] [rtabmap]: rtabmap: subscribe_sensor_data = false
[2025-10-16 18:01:45.081855][rtabmap-4][STDERR] [INFO] [1760605305.078815452] [rtabmap]: rtabmap: subscribe_odom_info = true
[2025-10-16 18:01:45.081855][rtabmap-4][STDERR] [INFO] [1760605305.078830728] [rtabmap]: rtabmap: subscribe_user_data = false
[2025-10-16 18:01:45.081855][rtabmap-4][STDERR] [INFO] [1760605305.078846105] [rtabmap]: rtabmap: subscribe_scan = false
[2025-10-16 18:01:45.081855][rtabmap-4][STDERR] [INFO] [1760605305.078859456] [rtabmap]: rtabmap: subscribe_scan_cloud = true
[2025-10-16 18:01:45.081855][rtabmap-4][STDERR] [INFO] [1760605305.078875046] [rtabmap]: rtabmap: subscribe_scan_descriptor = false
[2025-10-16 18:01:45.081855][rtabmap-4][STDERR] [INFO] [1760605305.078890606] [rtabmap]: rtabmap: topic_queue_size = 10
[2025-10-16 18:01:45.081855][rtabmap-4][STDERR] [INFO] [1760605305.078906842] [rtabmap]: rtabmap: sync_queue_size  = 10
[2025-10-16 18:01:45.081855][rtabmap-4][STDERR] [INFO] [1760605305.078932658] [rtabmap]: rtabmap: qos_image       = 0
[2025-10-16 18:01:45.081855][rtabmap-4][STDERR] [INFO] [1760605305.078947019] [rtabmap]: rtabmap: qos_camera_info = 0
[2025-10-16 18:01:45.081855][rtabmap-4][STDERR] [INFO] [1760605305.078965505] [rtabmap]: rtabmap: qos_scan        = 0
[2025-10-16 18:01:45.081855][rtabmap-4][STDERR] [INFO] [1760605305.078982044] [rtabmap]: rtabmap: qos_odom        = 0
[2025-10-16 18:01:45.081855][rtabmap-4][STDERR] [INFO] [1760605305.078997143] [rtabmap]: rtabmap: qos_user_data   = 0
[2025-10-16 18:01:45.081855][rtabmap-4][STDERR] [INFO] [1760605305.079029732] [rtabmap]: rtabmap: approx_sync     = true
[2025-10-16 18:01:45.081855][rtabmap-4][STDERR] [INFO] [1760605305.079058464] [rtabmap]: Setup scan callback
[2025-10-16 18:01:45.082716][rtabmap-4][STDERR] [INFO] [1760605305.081926209] [rtabmap]: 
[2025-10-16 18:01:45.082716][rtabmap-4][STDERR] rtabmap subscribed to (approx sync):
[2025-10-16 18:01:45.082716][rtabmap-4][STDERR]    /stream_pair/decoded \
[2025-10-16 18:01:45.082716][rtabmap-4][STDERR]    /odom_info
[2025-10-16 18:01:45.084260][rtabmap-4][STDERR] [WARN] [1760605305.083837256] [rtabmap]: There is no image subscription, bag-of-words loop closure detection will be disabled...
[2025-10-16 18:01:45.084723][rtabmap-4][STDERR] [WARN] [1760605305.083895227] [rtabmap]: Setting Kp/MaxFeatures=-1 (bag-of-words disabled)
[2025-10-16 18:01:45.109163][rtabmap_feedback_loop-6][STDERR] [INFO] [1760605305.108675042] [rtabmap_feedback_loop]: RTAB-Map 피드백 루프 노드를 시작했습니다. 토픽과 서비스 상태를 모니터링합니다.
[2025-10-16 18:01:47.123012][stream_server-2][STDERR] [INFO] [1760605307.122556348] [stream_server]: Listening for uplink on 0.0.0.0:5000
[2025-10-16 18:01:47.123590][stream_server-2][STDERR] [INFO] [1760605307.122716814] [stream_server]: Listening for downlink on 0.0.0.0:5001
[2025-10-16 18:02:08.754270][rtabmap_feedback_loop-6][STDERR] [ERROR] [1760605328.753318897] [rtabmap_feedback_loop]: 포인트클라우드 입력 토픽(/stream_pair/decoded)이 23.8s 동안 수신되지 않았습니다.
[2025-10-16 18:02:08.756011][time_jump_reset-5][STDERR] [INFO] [1760605328.753666520] [time_jump_reset]: /clock 토픽 수신 시작. SLAM 시스템을 활성화합니다.
[2025-10-16 18:02:08.756822][rtabmap_feedback_loop-6][STDERR] [INFO] [1760605328.754575620] [rtabmap_feedback_loop]: 스트리밍 노드 상태를 확인해 주세요. cloud_restart_service 파라미터가 비어 있어 자동 복구를 수행하지 않습니다.
[2025-10-16 18:02:08.757725][rtabmap_feedback_loop-6][STDERR] [WARN] [1760605328.757097903] [rtabmap_feedback_loop]: ICP Odometry 토픽(/odom)이 23.8s 동안 갱신되지 않았습니다. 추정이 멈춘 것으로 판단합니다.
[2025-10-16 18:02:08.759016][time_jump_reset-5][STDERR] [INFO] [1760605328.758424489] [time_jump_reset]: 시스템 활성화: 모든 노드를 'active' 상태로 전환합니다.
[2025-10-16 18:02:08.760999][rtabmap_feedback_loop-6][STDERR] [WARN] [1760605328.760230300] [rtabmap_feedback_loop]: ICP Odometry 리셋 서비스(/icp_odometry/reset)를 아직 사용할 수 없습니다.
[2025-10-16 18:02:08.762499][rtabmap_feedback_loop-6][STDERR] [WARN] [1760605328.761981031] [rtabmap_feedback_loop]: RTAB-Map 누적 맵 토픽(/rtabmap/map_data)이 23.8s 동안 업데이트되지 않았습니다. 그래프 최적화가 멈춘 것 같습니다.
[2025-10-16 18:02:08.763630][rtabmap_feedback_loop-6][STDERR] [WARN] [1760605328.763222432] [rtabmap_feedback_loop]: RTAB-Map 캐시 정리 서비스(/rtabmap/cleanup)를 아직 사용할 수 없습니다.
[2025-10-16 18:02:08.764275][time_jump_reset-5][STDERR] [INFO] [1760605328.763311416] [time_jump_reset]: icp_odometry change_state 서비스 경로를 /change_state 로 설정했습니다.
[2025-10-16 18:02:08.764949][icp_odometry-3][STDERR] [WARN] [1760605328.764431910] [icp_odometry]: Lifecycle transition 3 실패: 현재 상태에서 activate 전환을 수행할 수 없습니다.
[2025-10-16 18:02:08.767110][time_jump_reset-5][STDERR] [ERROR] [1760605328.766649698] [time_jump_reset]: icp_odometry 전환 실패(id=3). 성공=False
[2025-10-16 18:02:08.769958][time_jump_reset-5][STDERR] [INFO] [1760605328.769487279] [time_jump_reset]: rtabmap change_state 서비스 경로를 /rtabmap/change_state 로 설정했습니다.
[2025-10-16 18:02:08.771485][rtabmap-4][STDERR] [WARN] [1760605328.770776916] [rtabmap]: Lifecycle transition 3 실패: 현재 상태에서 activate 전환을 수행할 수 없습니다.
[2025-10-16 18:02:08.774946][time_jump_reset-5][STDERR] [ERROR] [1760605328.774202051] [time_jump_reset]: rtabmap 전환 실패(id=3). 성공=False
[2025-10-16 18:02:08.775738][time_jump_reset-5][STDERR] [ERROR] [1760605328.775116298] [time_jump_reset]: 시스템 활성화 실패.
[2025-10-16 18:02:08.776400][time_jump_reset-5][STDERR] [INFO] [1760605328.776012760] [time_jump_reset]: 초기 설정 시퀀스 시작: 모든 노드를 'inactive' 상태로 전환합니다.
[2025-10-16 18:02:08.777934][icp_odometry-3][STDERR] [INFO] [1760605328.777376062] [icp_odometry]: Lifecycle 상태가 'inactive'로 전환되었습니다.
[2025-10-16 18:02:08.779301][time_jump_reset-5][STDERR] [INFO] [1760605328.778982892] [time_jump_reset]: /clock 토픽 수신 시작. SLAM 시스템을 활성화합니다.
[2025-10-16 18:02:08.783339][rtabmap-4][STDERR] [INFO] [1760605328.782635871] [rtabmap]: rtabmap: Lifecycle 상태가 'inactive'로 전환되었습니다.
[2025-10-16 18:02:08.784325][rtabmap-4][STDERR] [INFO] [1760605328.783353429] [rtabmap]: Parameters event received!
[2025-10-16 18:02:08.784325][rtabmap-4][STDERR] [INFO] [1760605328.783419205] [rtabmap]: rtabmap: Updating parameters
[2025-10-16 18:02:08.784325][rtabmap-4][STDERR] [INFO] [1760605328.783462356] [rtabmap]: RTAB-Map rate detection = 1.000000 Hz
[2025-10-16 18:02:08.786227][time_jump_reset-5][STDERR] [INFO] [1760605328.785421944] [time_jump_reset]: 초기 설정 완료. 모든 노드가 'inactive' 상태로 대기 중입니다.
[2025-10-16 18:02:08.788092][time_jump_reset-5][STDERR] [INFO] [1760605328.786368919] [time_jump_reset]: 시스템 활성화: 모든 노드를 'active' 상태로 전환합니다.
[2025-10-16 18:02:08.789621][icp_odometry-3][STDERR] [INFO] [1760605328.789100983] [icp_odometry]: Lifecycle 상태가 'active'로 전환되었습니다.
[2025-10-16 18:02:08.792881][rtabmap-4][STDERR] [INFO] [1760605328.792175559] [rtabmap]: rtabmap: Lifecycle 상태가 'active'로 전환되었습니다.
[2025-10-16 18:02:08.793576][rtabmap-4][STDERR] [INFO] [1760605328.792899697] [rtabmap]: Parameters event received!
[2025-10-16 18:02:08.793576][rtabmap-4][STDERR] [INFO] [1760605328.792981624] [rtabmap]: rtabmap: Updating parameters
[2025-10-16 18:02:08.793576][rtabmap-4][STDERR] [INFO] [1760605328.793017177] [rtabmap]: RTAB-Map rate detection = 1.000000 Hz
[2025-10-16 18:02:08.795585][time_jump_reset-5][STDERR] [INFO] [1760605328.795133874] [time_jump_reset]: 시스템 활성화 완료.
[2025-10-16 18:02:09.908957][icp_odometry-3][STDERR] [WARN] [1760605329.908445351] [icp_odometry]: icp_odometry: Did not receive data since 5 seconds! Make sure the input topics are published ("$ rostopic hz my_topic") and the timestamps in their header are set. 
[2025-10-16 18:02:09.908957][icp_odometry-3][STDERR] icp_odometry subscribed to /scan and /stream_pair/decoded (make sure only one of this topic is published, otherwise remap one to a dummy topic name).
[2025-10-16 18:02:10.085261][rtabmap-4][STDERR] [WARN] [1760605330.084662308] [rtabmap]: rtabmap: Did not receive data since 5 seconds! Make sure the input topics are published ("$ ros2 topic hz my_topic") and the timestamps in their header are set. If topics are coming from different computers, make sure the clocks of the computers are synchronized ("ntpdate"). Ajusting topic_queue_size (10) and sync_queue_size (10) can also help for better synchronization if framerates and/or delays are different. If topics are not published at the same rate, you could increase "sync_queue_size" and/or "topic_queue_size" parameters (current=10 and 10 respectively).
[2025-10-16 18:02:10.085261][rtabmap-4][STDERR] rtabmap subscribed to (approx sync):
[2025-10-16 18:02:10.085261][rtabmap-4][STDERR]    /stream_pair/decoded \
[2025-10-16 18:02:10.085261][rtabmap-4][STDERR]    /odom_info
[2025-10-16 18:02:10.834496][stream_server-2][STDERR] [INFO] [1760605330.834073233] [stream_server]: Downlink client connected from ('127.0.0.1', 57792)
[2025-10-16 18:02:10.835042][stream_server-2][STDERR] [INFO] [1760605330.834402693] [stream_server]: Uplink client connected from ('127.0.0.1', 34660)
[2025-10-16 18:02:13.075190][rtabmap_feedback_loop-6][STDERR] [INFO] [1760605333.074716329] [rtabmap_feedback_loop]: 포인트클라우드 입력 토픽(/stream_pair/decoded) 수신을 시작했습니다.
[2025-10-16 18:02:13.075802][rtabmap_feedback_loop-6][STDERR] [INFO] [1760605333.075451813] [rtabmap_feedback_loop]: 포인트클라우드 입력 토픽(/stream_pair/decoded) 수신이 4.3s 만에 복구되었습니다.
[2025-10-16 18:02:13.196607][rtabmap_feedback_loop-6][STDERR] [INFO] [1760605333.196110657] [rtabmap_feedback_loop]: ICP Odometry 토픽(/odom) 수신을 시작했습니다.
[2025-10-16 18:02:13.197174][rtabmap_feedback_loop-6][STDERR] [INFO] [1760605333.196787125] [rtabmap_feedback_loop]: ICP Odometry 토픽(/odom) 수신이 4.4s 만에 복구되었습니다.
[2025-10-16 18:02:13.197737][rtabmap_feedback_loop-6][STDERR] [INFO] [1760605333.197476985] [rtabmap_feedback_loop]: ICP Odometry가 4.4s 정지 후 정상화되었습니다.
[2025-10-16 18:02:13.204570][icp_odometry-3][STDERR] [INFO] [1760605333.204202601] [icp_odometry]: Odom: ratio=0.000000, std dev=99.995000m|99.995000rad, update time=0.016697s delay=1.249989s
[2025-10-16 18:02:13.360787][rtabmap-4][STDERR] [INFO] [1760605333.360331523] [rtabmap]: rtabmap (1): Rate=1.00s, Limit=0.000s, Conversion=0.0023s, RTAB-Map=0.0495s, Maps update=0.0005s pub=0.0001s delay=1.4000s (local map=1, WM=1)
[2025-10-16 18:02:14.479122][rtabmap_feedback_loop-6][STDERR] [WARN] [1760605334.478729318] [rtabmap_feedback_loop]: RTAB-Map 누적 맵 토픽(/rtabmap/map_data)이 29.5s 동안 업데이트되지 않았습니다. 그래프 최적화가 멈춘 것 같습니다.
[2025-10-16 18:02:14.934190][icp_odometry-3][STDERR] [INFO] [1760605334.933621840] [icp_odometry]: Odom: ratio=0.781802, std dev=0.013869m|0.004386rad, update time=0.542832s delay=1.800085s
[2025-10-16 18:02:14.988486][rtabmap-4][STDERR] [INFO] [1760605334.988004406] [rtabmap]: rtabmap (2): Rate=1.00s, Limit=0.000s, Conversion=0.0026s, RTAB-Map=0.0463s, Maps update=0.0002s pub=0.0000s delay=1.8501s (local map=2, WM=2)
[2025-10-16 18:02:16.122731][icp_odometry-3][STDERR] [INFO] [1760605336.122312542] [icp_odometry]: Odom: ratio=0.747973, std dev=0.019035m|0.006019rad, update time=0.552411s delay=1.725014s
[2025-10-16 18:02:16.279517][rtabmap-4][STDERR] [INFO] [1760605336.278763606] [rtabmap]: rtabmap (3): Rate=1.00s, Limit=0.000s, Conversion=0.0026s, RTAB-Map=0.0491s, Maps update=0.0003s pub=0.0001s delay=1.9000s (local map=3, WM=3)
[2025-10-16 18:02:17.433131][icp_odometry-3][STDERR] [INFO] [1760605337.432518223] [icp_odometry]: Odom: ratio=0.781865, std dev=0.009980m|0.003156rad, update time=0.620967s delay=1.875039s
[2025-10-16 18:02:17.486521][rtabmap-4][STDERR] [INFO] [1760605337.486005830] [rtabmap]: rtabmap (4): Rate=1.00s, Limit=0.000s, Conversion=0.0027s, RTAB-Map=0.0486s, Maps update=0.0002s pub=0.0001s delay=1.9251s (local map=4, WM=4)
[2025-10-16 18:02:18.832568][icp_odometry-3][STDERR] [INFO] [1760605338.831245907] [icp_odometry]: Odom: ratio=0.805112, std dev=0.005937m|0.001877rad, update time=0.896996s delay=2.050091s
[2025-10-16 18:02:18.889800][rtabmap-4][STDERR] [INFO] [1760605338.888977983] [rtabmap]: rtabmap (5): Rate=1.00s, Limit=0.000s, Conversion=0.0025s, RTAB-Map=0.0506s, Maps update=0.0002s pub=0.0001s delay=2.1000s (local map=5, WM=5)
[2025-10-16 18:02:19.479113][rtabmap_feedback_loop-6][STDERR] [WARN] [1760605339.478692104] [rtabmap_feedback_loop]: RTAB-Map 누적 맵 토픽(/rtabmap/map_data)이 34.5s 동안 업데이트되지 않았습니다. 그래프 최적화가 멈춘 것 같습니다.
[2025-10-16 18:02:19.479617][rtabmap_feedback_loop-6][STDERR] [ERROR] [1760605339.479220447] [rtabmap_feedback_loop]: 맵 정체가 지속되어 RTAB-Map 리셋을 요청합니다.
[2025-10-16 18:02:19.481334][rtabmap-4][STDERR] [INFO] [1760605339.480826660] [rtabmap]: rtabmap: Reset
[2025-10-16 18:02:19.657958][rtabmap_feedback_loop-6][STDERR] [INFO] [1760605339.657552757] [rtabmap_feedback_loop]: RTAB-Map 리셋 서비스를 성공적으로 호출했습니다.
[2025-10-16 18:02:19.905171][icp_odometry-3][STDERR] [INFO] [1760605339.904661349] [icp_odometry]: Odom: ratio=0.805056, std dev=0.006325m|0.002000rad, update time=0.795424s delay=2.000198s
[2025-10-16 18:02:20.490807][rtabmap-4][STDERR] [INFO] [1760605340.489613673] [rtabmap]: rtabmap (1): Rate=1.00s, Limit=0.000s, Conversion=0.0035s, RTAB-Map=0.0566s, Maps update=0.0002s pub=0.0001s delay=2.5750s (local map=1, WM=1)
[2025-10-16 18:02:20.826963][icp_odometry-3][STDERR] [INFO] [1760605340.826393951] [icp_odometry]: Odom: ratio=0.842065, std dev=0.002117m|0.000669rad, update time=0.563800s delay=1.699995s
[2025-10-16 18:02:20.879359][rtabmap-4][STDERR] [INFO] [1760605340.878898671] [rtabmap]: rtabmap (2): Rate=1.00s, Limit=0.000s, Conversion=0.0027s, RTAB-Map=0.0478s, Maps update=0.0001s pub=0.0000s delay=1.7750s (local map=2, WM=2)
[2025-10-16 18:02:22.269953][icp_odometry-3][STDERR] [INFO] [1760605342.269310079] [icp_odometry]: Odom: ratio=0.792213, std dev=0.007360m|0.002328rad, update time=0.841097s delay=1.975038s
[2025-10-16 18:02:22.322559][rtabmap-4][STDERR] [INFO] [1760605342.322032912] [rtabmap]: rtabmap (3): Rate=1.00s, Limit=0.000s, Conversion=0.0022s, RTAB-Map=0.0487s, Maps update=0.0002s pub=0.0000s delay=2.0250s (local map=3, WM=3)
[2025-10-16 18:02:23.074345][icp_odometry-3][STDERR] [INFO] [1760605343.073753192] [icp_odometry]: Odom: ratio=0.781177, std dev=0.009223m|0.002917rad, update time=0.506155s delay=1.650066s
[2025-10-16 18:02:23.126668][rtabmap-4][STDERR] [INFO] [1760605343.126273689] [rtabmap]: rtabmap (4): Rate=1.00s, Limit=0.000s, Conversion=0.0016s, RTAB-Map=0.0485s, Maps update=0.0001s pub=0.0000s delay=1.7001s (local map=4, WM=4)
[2025-10-16 18:02:24.330844][icp_odometry-3][STDERR] [INFO] [1760605344.330394923] [icp_odometry]: Odom: ratio=0.825434, std dev=0.003076m|0.000973rad, update time=0.571585s delay=1.750057s
[2025-10-16 18:02:24.390881][rtabmap-4][STDERR] [INFO] [1760605344.390277649] [rtabmap]: rtabmap (5): Rate=1.00s, Limit=0.000s, Conversion=0.0016s, RTAB-Map=0.0565s, Maps update=0.0003s pub=0.0001s delay=1.8001s (local map=5, WM=5)
[2025-10-16 18:02:25.478996][rtabmap_feedback_loop-6][STDERR] [WARN] [1760605345.478595028] [rtabmap_feedback_loop]: RTAB-Map 누적 맵 토픽(/rtabmap/map_data)이 40.5s 동안 업데이트되지 않았습니다. 그래프 최적화가 멈춘 것 같습니다.
[2025-10-16 18:02:25.479498][rtabmap_feedback_loop-6][STDERR] [ERROR] [1760605345.479012229] [rtabmap_feedback_loop]: 맵 정체가 지속되어 RTAB-Map 리셋을 요청합니다.
[2025-10-16 18:02:25.479862][rtabmap-4][STDERR] [INFO] [1760605345.479401792] [rtabmap]: rtabmap: Reset
[2025-10-16 18:02:25.571296][icp_odometry-3][STDERR] [INFO] [1760605345.570635395] [icp_odometry]: Odom: ratio=0.776972, std dev=0.010962m|0.003466rad, update time=0.664916s delay=1.800065s
[2025-10-16 18:02:25.643596][rtabmap_feedback_loop-6][STDERR] [INFO] [1760605345.643096161] [rtabmap_feedback_loop]: RTAB-Map 리셋 서비스를 성공적으로 호출했습니다.
[2025-10-16 18:02:25.700927][rtabmap-4][STDERR] [INFO] [1760605345.700477001] [rtabmap]: rtabmap (1): Rate=1.00s, Limit=0.000s, Conversion=0.0014s, RTAB-Map=0.0577s, Maps update=0.0001s pub=0.0000s delay=1.9251s (local map=1, WM=1)
[2025-10-16 18:02:26.869964][icp_odometry-3][STDERR] [INFO] [1760605346.868819191] [icp_odometry]: Odom: ratio=0.801813, std dev=0.006568m|0.002077rad, update time=0.826909s delay=1.975037s
[2025-10-16 18:02:26.919698][rtabmap-4][STDERR] [INFO] [1760605346.919200262] [rtabmap]: rtabmap (2): Rate=1.00s, Limit=0.000s, Conversion=0.0012s, RTAB-Map=0.0459s, Maps update=0.0001s pub=0.0000s delay=2.0251s (local map=2, WM=2)
[2025-10-16 18:02:27.804309][icp_odometry-3][STDERR] [INFO] [1760605347.803750924] [icp_odometry]: Odom: ratio=0.720137, std dev=0.021733m|0.006873rad, update time=0.575854s delay=1.824745s
[2025-10-16 18:02:27.856052][rtabmap-4][STDERR] [INFO] [1760605347.855203302] [rtabmap]: rtabmap (3): Rate=1.00s, Limit=0.000s, Conversion=0.0022s, RTAB-Map=0.0473s, Maps update=0.0002s pub=0.0001s delay=1.8747s (local map=3, WM=3)
[2025-10-16 18:02:29.240457][icp_odometry-3][STDERR] [INFO] [1760605349.239896489] [icp_odometry]: Odom: ratio=0.792584, std dev=0.008905m|0.002816rad, update time=0.841335s delay=2.074137s
[2025-10-16 18:02:29.301886][rtabmap-4][STDERR] [INFO] [1760605349.301409813] [rtabmap]: rtabmap (4): Rate=1.00s, Limit=0.000s, Conversion=0.0022s, RTAB-Map=0.0579s, Maps update=0.0002s pub=0.0000s delay=2.1241s (local map=4, WM=4)
[2025-10-16 18:02:30.141600][icp_odometry-3][STDERR] [INFO] [1760605350.140862652] [icp_odometry]: Odom: ratio=0.760063, std dev=0.014058m|0.004445rad, update time=0.592735s delay=1.725041s
[2025-10-16 18:02:30.190532][rtabmap-4][STDERR] [INFO] [1760605350.189782951] [rtabmap]: rtabmap (5): Rate=1.00s, Limit=0.000s, Conversion=0.0017s, RTAB-Map=0.0455s, Maps update=0.0001s pub=0.0000s delay=1.7750s (local map=5, WM=5)
[2025-10-16 18:02:30.479509][rtabmap_feedback_loop-6][STDERR] [WARN] [1760605350.479060257] [rtabmap_feedback_loop]: RTAB-Map 누적 맵 토픽(/rtabmap/map_data)이 45.5s 동안 업데이트되지 않았습니다. 그래프 최적화가 멈춘 것 같습니다.
[2025-10-16 18:02:30.480119][rtabmap_feedback_loop-6][STDERR] [ERROR] [1760605350.479493252] [rtabmap_feedback_loop]: 맵 정체가 지속되어 RTAB-Map 리셋을 요청합니다.
[2025-10-16 18:02:30.480653][rtabmap-4][STDERR] [INFO] [1760605350.479900496] [rtabmap]: rtabmap: Reset
[2025-10-16 18:02:30.622611][rtabmap_feedback_loop-6][STDERR] [INFO] [1760605350.622150037] [rtabmap_feedback_loop]: RTAB-Map 리셋 서비스를 성공적으로 호출했습니다.
[2025-10-16 18:02:31.487404][icp_odometry-3][STDERR] [INFO] [1760605351.486721829] [icp_odometry]: Odom: ratio=0.838434, std dev=0.000894m|0.000283rad, update time=0.746423s delay=1.925042s
[2025-10-16 18:02:31.541189][rtabmap-4][STDERR] [INFO] [1760605351.540710774] [rtabmap]: rtabmap (1): Rate=1.00s, Limit=0.000s, Conversion=0.0021s, RTAB-Map=0.0491s, Maps update=0.0001s pub=0.0000s delay=1.9750s (local map=1, WM=1)
[2025-10-16 18:02:32.377557][icp_odometry-3][STDERR] [INFO] [1760605352.376814528] [icp_odometry]: Odom: ratio=0.775008, std dev=0.011343m|0.003587rad, update time=0.514720s delay=1.625040s
[2025-10-16 18:02:32.427631][rtabmap-4][STDERR] [INFO] [1760605352.427097582] [rtabmap]: rtabmap (2): Rate=1.00s, Limit=0.000s, Conversion=0.0016s, RTAB-Map=0.0468s, Maps update=0.0001s pub=0.0000s delay=1.6750s (local map=2, WM=2)
[2025-10-16 18:02:33.582707][icp_odometry-3][STDERR] [INFO] [1760605353.582171001] [icp_odometry]: Odom: ratio=0.762412, std dev=0.017336m|0.005482rad, update time=0.506133s delay=1.725052s
[2025-10-16 18:02:33.633050][rtabmap-4][STDERR] [INFO] [1760605353.632561130] [rtabmap]: rtabmap (3): Rate=1.00s, Limit=0.000s, Conversion=0.0017s, RTAB-Map=0.0459s, Maps update=0.0002s pub=0.0000s delay=1.7751s (local map=3, WM=3)
[2025-10-16 18:02:34.893494][icp_odometry-3][STDERR] [INFO] [1760605354.892759552] [icp_odometry]: Odom: ratio=0.742550, std dev=0.017903m|0.005661rad, update time=0.594067s delay=1.824158s
[2025-10-16 18:02:34.945597][rtabmap-4][STDERR] [INFO] [1760605354.945056648] [rtabmap]: rtabmap (4): Rate=1.00s, Limit=0.000s, Conversion=0.0009s, RTAB-Map=0.0495s, Maps update=0.0002s pub=0.0000s delay=1.8751s (local map=4, WM=4)
[2025-10-16 18:02:35.480026][rtabmap_feedback_loop-6][STDERR] [WARN] [1760605355.479523200] [rtabmap_feedback_loop]: RTAB-Map 누적 맵 토픽(/rtabmap/map_data)이 50.5s 동안 업데이트되지 않았습니다. 그래프 최적화가 멈춘 것 같습니다.
[2025-10-16 18:02:35.480640][rtabmap_feedback_loop-6][STDERR] [ERROR] [1760605355.480200374] [rtabmap_feedback_loop]: 맵 정체가 지속되어 RTAB-Map 리셋을 요청합니다.
[2025-10-16 18:02:35.481466][rtabmap-4][STDERR] [INFO] [1760605355.481041213] [rtabmap]: rtabmap: Reset
[2025-10-16 18:02:35.716532][rtabmap_feedback_loop-6][STDERR] [INFO] [1760605355.716118575] [rtabmap_feedback_loop]: RTAB-Map 리셋 서비스를 성공적으로 호출했습니다.
[2025-10-16 18:02:35.928952][icp_odometry-3][STDERR] [INFO] [1760605355.928441896] [icp_odometry]: Odom: ratio=0.789145, std dev=0.005783m|0.001829rad, update time=0.552246s delay=1.725060s
[2025-10-16 18:02:35.991420][rtabmap-4][STDERR] [INFO] [1760605355.990963669] [rtabmap]: rtabmap (1): Rate=1.00s, Limit=0.000s, Conversion=0.0014s, RTAB-Map=0.0575s, Maps update=0.0001s pub=0.0001s delay=1.7750s (local map=1, WM=1)
[2025-10-16 18:02:37.162109][icp_odometry-3][STDERR] [INFO] [1760605357.161581584] [icp_odometry]: Odom: ratio=0.688923, std dev=0.018534m|0.005861rad, update time=0.611633s delay=1.775061s
[2025-10-16 18:02:37.211947][rtabmap-4][STDERR] [INFO] [1760605357.211461822] [rtabmap]: rtabmap (2): Rate=1.00s, Limit=0.000s, Conversion=0.0009s, RTAB-Map=0.0477s, Maps update=0.0001s pub=0.0000s delay=1.8250s (local map=2, WM=2)
[2025-10-16 18:02:38.215562][icp_odometry-3][STDERR] [INFO] [1760605358.215132342] [icp_odometry]: Odom: ratio=0.674418, std dev=0.019222m|0.006079rad, update time=0.496025s delay=1.675021s
[2025-10-16 18:02:38.268885][rtabmap-4][STDERR] [INFO] [1760605358.268439975] [rtabmap]: rtabmap (3): Rate=1.00s, Limit=0.000s, Conversion=0.0022s, RTAB-Map=0.0480s, Maps update=0.0001s pub=0.0000s delay=1.7250s (local map=3, WM=3)
[2025-10-16 18:02:39.334440][icp_odometry-3][STDERR] [INFO] [1760605359.334025011] [icp_odometry]: Odom: ratio=0.700013, std dev=0.011190m|0.003539rad, update time=0.490740s delay=1.650059s
[2025-10-16 18:02:39.386572][rtabmap-4][STDERR] [INFO] [1760605359.386024497] [rtabmap]: rtabmap (4): Rate=1.00s, Limit=0.000s, Conversion=0.0008s, RTAB-Map=0.0500s, Maps update=0.0001s pub=0.0000s delay=1.7000s (local map=4, WM=4)
[2025-10-16 18:02:40.516933][icp_odometry-3][STDERR] [INFO] [1760605360.516471696] [icp_odometry]: Odom: ratio=0.643643, std dev=0.019744m|0.006244rad, update time=0.512770s delay=1.675033s
[2025-10-16 18:02:40.571242][rtabmap-4][STDERR] [INFO] [1760605360.570283651] [rtabmap]: rtabmap (5): Rate=1.00s, Limit=0.000s, Conversion=0.0029s, RTAB-Map=0.0482s, Maps update=0.0002s pub=0.0001s delay=1.7250s (local map=5, WM=5)
[2025-10-16 18:02:41.479514][rtabmap_feedback_loop-6][STDERR] [WARN] [1760605361.479048115] [rtabmap_feedback_loop]: RTAB-Map 누적 맵 토픽(/rtabmap/map_data)이 56.5s 동안 업데이트되지 않았습니다. 그래프 최적화가 멈춘 것 같습니다.
[2025-10-16 18:02:41.480076][rtabmap_feedback_loop-6][STDERR] [ERROR] [1760605361.479728945] [rtabmap_feedback_loop]: 맵 정체가 지속되어 RTAB-Map 리셋을 요청합니다.
[2025-10-16 18:02:41.487294][rtabmap-4][STDERR] [INFO] [1760605361.480527016] [rtabmap]: rtabmap: Reset
[2025-10-16 18:02:41.688752][rtabmap_feedback_loop-6][STDERR] [INFO] [1760605361.688371553] [rtabmap_feedback_loop]: RTAB-Map 리셋 서비스를 성공적으로 호출했습니다.
[2025-10-16 18:02:41.968803][icp_odometry-3][STDERR] [INFO] [1760605361.968033586] [icp_odometry]: Odom: ratio=0.630604, std dev=0.020494m|0.006481rad, update time=0.780869s delay=1.950061s
[2025-10-16 18:02:42.018131][rtabmap-4][STDERR] [INFO] [1760605362.017590973] [rtabmap]: rtabmap (1): Rate=1.00s, Limit=0.000s, Conversion=0.0016s, RTAB-Map=0.0456s, Maps update=0.0001s pub=0.0000s delay=2.0001s (local map=1, WM=1)
[2025-10-16 18:02:42.970314][icp_odometry-3][STDERR] [INFO] [1760605362.969872848] [icp_odometry]: Odom: ratio=0.640653, std dev=0.018938m|0.005989rad, update time=0.668992s delay=1.775196s
[2025-10-16 18:02:43.128969][rtabmap-4][STDERR] [INFO] [1760605363.128565758] [rtabmap]: rtabmap (2): Rate=1.00s, Limit=0.000s, Conversion=0.0025s, RTAB-Map=0.0452s, Maps update=0.0001s pub=0.0000s delay=1.9501s (local map=2, WM=2)
[2025-10-16 18:02:44.020325][icp_odometry-3][STDERR] [INFO] [1760605364.019625909] [icp_odometry]: Odom: ratio=0.628357, std dev=0.020244m|0.006402rad, update time=0.519746s delay=1.699997s
[2025-10-16 18:02:44.072401][rtabmap-4][STDERR] [INFO] [1760605364.071443236] [rtabmap]: rtabmap (3): Rate=1.00s, Limit=0.000s, Conversion=0.0012s, RTAB-Map=0.0485s, Maps update=0.0002s pub=0.0000s delay=1.7500s (local map=3, WM=3)
[2025-10-16 18:02:45.159947][icp_odometry-3][STDERR] [INFO] [1760605365.159247060] [icp_odometry]: Odom: ratio=0.623494, std dev=0.017962m|0.005680rad, update time=0.486291s delay=1.650031s
[2025-10-16 18:02:45.209578][rtabmap-4][STDERR] [INFO] [1760605365.208970059] [rtabmap]: rtabmap (4): Rate=1.00s, Limit=0.000s, Conversion=0.0014s, RTAB-Map=0.0469s, Maps update=0.0001s pub=0.0000s delay=1.7001s (local map=4, WM=4)
[2025-10-16 18:02:46.336179][icp_odometry-3][STDERR] [INFO] [1760605366.335637486] [icp_odometry]: Odom: ratio=0.628464, std dev=0.019956m|0.006311rad, update time=0.526264s delay=1.650013s
[2025-10-16 18:02:46.387214][rtabmap-4][STDERR] [INFO] [1760605366.386601401] [rtabmap]: rtabmap (5): Rate=1.00s, Limit=0.000s, Conversion=0.0023s, RTAB-Map=0.0458s, Maps update=0.0001s pub=0.0000s delay=1.7000s (local map=5, WM=5)
[2025-10-16 18:02:46.479888][rtabmap_feedback_loop-6][STDERR] [WARN] [1760605366.479381814] [rtabmap_feedback_loop]: RTAB-Map 누적 맵 토픽(/rtabmap/map_data)이 61.5s 동안 업데이트되지 않았습니다. 그래프 최적화가 멈춘 것 같습니다.
[2025-10-16 18:02:46.480382][rtabmap_feedback_loop-6][STDERR] [ERROR] [1760605366.480103016] [rtabmap_feedback_loop]: 맵 정체가 지속되어 RTAB-Map 리셋을 요청합니다.
[2025-10-16 18:02:46.481214][rtabmap-4][STDERR] [INFO] [1760605366.480488586] [rtabmap]: rtabmap: Reset
[2025-10-16 18:02:46.646456][rtabmap_feedback_loop-6][STDERR] [INFO] [1760605366.646004980] [rtabmap_feedback_loop]: RTAB-Map 리셋 서비스를 성공적으로 호출했습니다.
[2025-10-16 18:02:47.774998][icp_odometry-3][STDERR] [INFO] [1760605367.772851593] [icp_odometry]: Odom: ratio=0.732795, std dev=0.006375m|0.002016rad, update time=0.808587s delay=1.975034s
[2025-10-16 18:02:47.829539][rtabmap-4][STDERR] [INFO] [1760605367.828904572] [rtabmap]: rtabmap (1): Rate=1.00s, Limit=0.000s, Conversion=0.0017s, RTAB-Map=0.0513s, Maps update=0.0003s pub=0.0001s delay=2.0501s (local map=1, WM=1)
[2025-10-16 18:02:48.590674][icp_odometry-3][STDERR] [INFO] [1760605368.589309877] [icp_odometry]: Odom: ratio=0.751598, std dev=0.008671m|0.002742rad, update time=0.464579s delay=1.624989s
[2025-10-16 18:02:48.644666][rtabmap-4][STDERR] [INFO] [1760605368.644101914] [rtabmap]: rtabmap (2): Rate=1.00s, Limit=0.000s, Conversion=0.0025s, RTAB-Map=0.0486s, Maps update=0.0003s pub=0.0001s delay=1.6751s (local map=2, WM=2)
[2025-10-16 18:02:49.868013][icp_odometry-3][STDERR] [INFO] [1760605369.867559055] [icp_odometry]: Odom: ratio=0.729772, std dev=0.016885m|0.005339rad, update time=0.560460s delay=1.750029s
[2025-10-16 18:02:49.919910][rtabmap-4][STDERR] [INFO] [1760605369.919407461] [rtabmap]: rtabmap (3): Rate=1.00s, Limit=0.000s, Conversion=0.0028s, RTAB-Map=0.0461s, Maps update=0.0001s pub=0.0000s delay=1.8001s (local map=3, WM=3)
[2025-10-16 18:02:51.118167][icp_odometry-3][STDERR] [INFO] [1760605371.117487270] [icp_odometry]: Odom: ratio=0.729213, std dev=0.012223m|0.003865rad, update time=0.659002s delay=1.800061s
[2025-10-16 18:02:51.169725][rtabmap-4][STDERR] [INFO] [1760605371.169054307] [rtabmap]: rtabmap (4): Rate=1.00s, Limit=0.000s, Conversion=0.0018s, RTAB-Map=0.0477s, Maps update=0.0002s pub=0.0001s delay=1.8501s (local map=4, WM=4)
[2025-10-16 18:02:51.480138][rtabmap_feedback_loop-6][STDERR] [WARN] [1760605371.479439083] [rtabmap_feedback_loop]: RTAB-Map 누적 맵 토픽(/rtabmap/map_data)이 66.5s 동안 업데이트되지 않았습니다. 그래프 최적화가 멈춘 것 같습니다.
[2025-10-16 18:02:51.480641][rtabmap_feedback_loop-6][STDERR] [ERROR] [1760605371.480220398] [rtabmap_feedback_loop]: 맵 정체가 지속되어 RTAB-Map 리셋을 요청합니다.
[2025-10-16 18:02:51.481228][rtabmap-4][STDERR] [INFO] [1760605371.480800855] [rtabmap]: rtabmap: Reset
[2025-10-16 18:02:51.656387][rtabmap_feedback_loop-6][STDERR] [INFO] [1760605371.655959234] [rtabmap_feedback_loop]: RTAB-Map 리셋 서비스를 성공적으로 호출했습니다.
[2025-10-16 18:02:52.098190][icp_odometry-3][STDERR] [INFO] [1760605372.097638676] [icp_odometry]: Odom: ratio=0.657766, std dev=0.015084m|0.004770rad, update time=0.481783s delay=1.625038s
[2025-10-16 18:02:52.146013][rtabmap-4][STDERR] [INFO] [1760605372.145243467] [rtabmap]: rtabmap (1): Rate=1.00s, Limit=0.000s, Conversion=0.0012s, RTAB-Map=0.0451s, Maps update=0.0003s pub=0.0001s delay=1.6750s (local map=1, WM=1)
[2025-10-16 18:02:53.317351][icp_odometry-3][STDERR] [INFO] [1760605373.316864008] [icp_odometry]: Odom: ratio=0.611954, std dev=0.018553m|0.005867rad, update time=0.555609s delay=1.700034s
[2025-10-16 18:02:53.369760][rtabmap-4][STDERR] [INFO] [1760605373.369304962] [rtabmap]: rtabmap (2): Rate=1.00s, Limit=0.000s, Conversion=0.0014s, RTAB-Map=0.0500s, Maps update=0.0001s pub=0.0000s delay=1.7501s (local map=2, WM=2)
[2025-10-16 18:02:54.521378][icp_odometry-3][STDERR] [INFO] [1760605374.520535863] [icp_odometry]: Odom: ratio=0.600375, std dev=0.021612m|0.006834rad, update time=0.561375s delay=1.750031s
[2025-10-16 18:02:54.573404][rtabmap-4][STDERR] [INFO] [1760605374.572834415] [rtabmap]: rtabmap (3): Rate=1.00s, Limit=0.000s, Conversion=0.0016s, RTAB-Map=0.0482s, Maps update=0.0003s pub=0.0000s delay=1.8000s (local map=3, WM=3)
[2025-10-16 18:02:55.582647][icp_odometry-3][STDERR] [INFO] [1760605375.581807205] [icp_odometry]: Odom: ratio=0.612649, std dev=0.018624m|0.005889rad, update time=0.499642s delay=1.625002s
[2025-10-16 18:02:55.938640][rtabmap-4][STDERR] [INFO] [1760605375.938104082] [rtabmap]: rtabmap (4): Rate=1.00s, Limit=0.000s, Conversion=0.0015s, RTAB-Map=0.0477s, Maps update=0.0002s pub=0.0000s delay=1.9750s (local map=4, WM=4)
[2025-10-16 18:02:56.480263][rtabmap_feedback_loop-6][STDERR] [WARN] [1760605376.479735620] [rtabmap_feedback_loop]: RTAB-Map 누적 맵 토픽(/rtabmap/map_data)이 71.5s 동안 업데이트되지 않았습니다. 그래프 최적화가 멈춘 것 같습니다.
[2025-10-16 18:02:56.480848][rtabmap_feedback_loop-6][STDERR] [ERROR] [1760605376.480549778] [rtabmap_feedback_loop]: 맵 정체가 지속되어 RTAB-Map 리셋을 요청합니다.
[2025-10-16 18:02:56.481820][rtabmap-4][STDERR] [INFO] [1760605376.481346801] [rtabmap]: rtabmap: Reset
[2025-10-16 18:02:56.637075][rtabmap_feedback_loop-6][STDERR] [INFO] [1760605376.636586887] [rtabmap_feedback_loop]: RTAB-Map 리셋 서비스를 성공적으로 호출했습니다.
[2025-10-16 18:02:56.711909][icp_odometry-3][STDERR] [INFO] [1760605376.711337155] [icp_odometry]: Odom: ratio=0.643136, std dev=0.015363m|0.004858rad, update time=0.471604s delay=1.625017s
[2025-10-16 18:02:56.761824][rtabmap-4][STDERR] [INFO] [1760605376.761376065] [rtabmap]: rtabmap (1): Rate=1.00s, Limit=0.000s, Conversion=0.0015s, RTAB-Map=0.0474s, Maps update=0.0001s pub=0.0000s delay=1.6750s (local map=1, WM=1)
[2025-10-16 18:02:57.877861][icp_odometry-3][STDERR] [INFO] [1760605377.877108491] [icp_odometry]: Odom: ratio=0.638362, std dev=0.015605m|0.004935rad, update time=0.478640s delay=1.625034s
[2025-10-16 18:02:57.930235][rtabmap-4][STDERR] [INFO] [1760605377.929877287] [rtabmap]: rtabmap (2): Rate=1.00s, Limit=0.000s, Conversion=0.0019s, RTAB-Map=0.0477s, Maps update=0.0001s pub=0.0000s delay=1.7000s (local map=2, WM=2)
[2025-10-16 18:02:59.247334][icp_odometry-3][STDERR] [INFO] [1760605379.246680588] [icp_odometry]: Odom: ratio=0.608233, std dev=0.018983m|0.006003rad, update time=0.692530s delay=1.850065s
[2025-10-16 18:02:59.306605][rtabmap-4][STDERR] [INFO] [1760605379.306186529] [rtabmap]: rtabmap (3): Rate=1.00s, Limit=0.000s, Conversion=0.0020s, RTAB-Map=0.0558s, Maps update=0.0001s pub=0.0000s delay=1.9253s (local map=3, WM=3)
[2025-10-16 18:03:00.285522][icp_odometry-3][STDERR] [INFO] [1760605380.284477472] [icp_odometry]: Odom: ratio=0.637846, std dev=0.016790m|0.005309rad, update time=0.545015s delay=1.725072s
[2025-10-16 18:03:00.335382][rtabmap-4][STDERR] [INFO] [1760605380.334894850] [rtabmap]: rtabmap (4): Rate=1.00s, Limit=0.000s, Conversion=0.0024s, RTAB-Map=0.0455s, Maps update=0.0001s pub=0.0000s delay=1.7750s (local map=4, WM=4)
[2025-10-16 18:03:01.483905][rtabmap_feedback_loop-6][STDERR] [WARN] [1760605381.480139257] [rtabmap_feedback_loop]: RTAB-Map 누적 맵 토픽(/rtabmap/map_data)이 76.5s 동안 업데이트되지 않았습니다. 그래프 최적화가 멈춘 것 같습니다.
[2025-10-16 18:03:01.483905][rtabmap_feedback_loop-6][STDERR] [ERROR] [1760605381.480741055] [rtabmap_feedback_loop]: 맵 정체가 지속되어 RTAB-Map 리셋을 요청합니다.
[2025-10-16 18:03:01.487282][rtabmap-4][STDERR] [INFO] [1760605381.484511568] [rtabmap]: rtabmap: Reset
[2025-10-16 18:03:01.654110][rtabmap_feedback_loop-6][STDERR] [INFO] [1760605381.653679622] [rtabmap_feedback_loop]: RTAB-Map 리셋 서비스를 성공적으로 호출했습니다.
[2025-10-16 18:03:01.678530][icp_odometry-3][STDERR] [INFO] [1760605381.677830838] [icp_odometry]: Odom: ratio=0.602503, std dev=0.020408m|0.006454rad, update time=0.723862s delay=2.000021s
[2025-10-16 18:03:01.739429][rtabmap-4][STDERR] [INFO] [1760605381.738903803] [rtabmap]: rtabmap (1): Rate=1.00s, Limit=0.000s, Conversion=0.0013s, RTAB-Map=0.0570s, Maps update=0.0002s pub=0.0000s delay=2.0751s (local map=1, WM=1)
[2025-10-16 18:03:02.574554][icp_odometry-3][STDERR] [INFO] [1760605382.573746455] [icp_odometry]: Odom: ratio=0.614792, std dev=0.017779m|0.005622rad, update time=0.506172s delay=1.625067s
[2025-10-16 18:03:02.635582][rtabmap-4][STDERR] [INFO] [1760605382.635222017] [rtabmap]: rtabmap (2): Rate=1.00s, Limit=0.000s, Conversion=0.0014s, RTAB-Map=0.0580s, Maps update=0.0001s pub=0.0000s delay=1.7001s (local map=2, WM=2)
[2025-10-16 18:03:03.687846][icp_odometry-3][STDERR] [INFO] [1760605383.687240537] [icp_odometry]: Odom: ratio=0.616090, std dev=0.018167m|0.005745rad, update time=0.484326s delay=1.625069s
[2025-10-16 18:03:03.746379][rtabmap-4][STDERR] [INFO] [1760605383.745931331] [rtabmap]: rtabmap (3): Rate=1.00s, Limit=0.000s, Conversion=0.0024s, RTAB-Map=0.0537s, Maps update=0.0001s pub=0.0000s delay=1.6750s (local map=3, WM=3)
[2025-10-16 18:03:05.172355][icp_odometry-3][STDERR] [INFO] [1760605385.171725735] [icp_odometry]: Odom: ratio=0.611852, std dev=0.017443m|0.005516rad, update time=0.756900s delay=1.975028s
[2025-10-16 18:03:05.225492][rtabmap-4][STDERR] [INFO] [1760605385.224957374] [rtabmap]: rtabmap (4): Rate=1.00s, Limit=0.000s, Conversion=0.0024s, RTAB-Map=0.0451s, Maps update=0.0001s pub=0.0000s delay=2.0251s (local map=4, WM=4)
[2025-10-16 18:03:06.326948][icp_odometry-3][STDERR] [INFO] [1760605386.326333630] [icp_odometry]: Odom: ratio=0.585195, std dev=0.020681m|0.006540rad, update time=0.804970s delay=1.900040s
[2025-10-16 18:03:06.377141][rtabmap-4][STDERR] [INFO] [1760605386.376671801] [rtabmap]: rtabmap (5): Rate=1.00s, Limit=0.000s, Conversion=0.0013s, RTAB-Map=0.0467s, Maps update=0.0002s pub=0.0000s delay=1.9500s (local map=5, WM=5)
[2025-10-16 18:03:07.372782][icp_odometry-3][STDERR] [INFO] [1760605387.371863056] [icp_odometry]: Odom: ratio=0.612183, std dev=0.016567m|0.005239rad, update time=0.687649s delay=1.897844s
[2025-10-16 18:03:07.436487][rtabmap-4][STDERR] [INFO] [1760605387.435898577] [rtabmap]: rtabmap (6): Rate=1.00s, Limit=0.000s, Conversion=0.0017s, RTAB-Map=0.0578s, Maps update=0.0002s pub=0.0000s delay=1.9728s (local map=6, WM=6)
[2025-10-16 18:03:07.480118][rtabmap_feedback_loop-6][STDERR] [WARN] [1760605387.479702905] [rtabmap_feedback_loop]: RTAB-Map 누적 맵 토픽(/rtabmap/map_data)이 82.5s 동안 업데이트되지 않았습니다. 그래프 최적화가 멈춘 것 같습니다.
[2025-10-16 18:03:07.480672][rtabmap_feedback_loop-6][STDERR] [ERROR] [1760605387.480400988] [rtabmap_feedback_loop]: 맵 정체가 지속되어 RTAB-Map 리셋을 요청합니다.
[2025-10-16 18:03:07.481206][rtabmap-4][STDERR] [INFO] [1760605387.480819645] [rtabmap]: rtabmap: Reset
[2025-10-16 18:03:07.635711][rtabmap_feedback_loop-6][STDERR] [INFO] [1760605387.635081086] [rtabmap_feedback_loop]: RTAB-Map 리셋 서비스를 성공적으로 호출했습니다.
[2025-10-16 18:03:08.385827][icp_odometry-3][STDERR] [INFO] [1760605388.385368511] [icp_odometry]: Odom: ratio=0.587814, std dev=0.021094m|0.006670rad, update time=0.504972s delay=1.700055s
[2025-10-16 18:03:08.440563][rtabmap-4][STDERR] [INFO] [1760605388.440080407] [rtabmap]: rtabmap (1): Rate=1.00s, Limit=0.000s, Conversion=0.0025s, RTAB-Map=0.0490s, Maps update=0.0002s pub=0.0000s delay=1.7500s (local map=1, WM=1)
[2025-10-16 18:03:09.599307][icp_odometry-3][STDERR] [INFO] [1760605389.598793853] [icp_odometry]: Odom: ratio=0.559997, std dev=0.021211m|0.006707rad, update time=0.550926s delay=1.700019s
[2025-10-16 18:03:09.650209][rtabmap-4][STDERR] [INFO] [1760605389.649696748] [rtabmap]: rtabmap (2): Rate=1.00s, Limit=0.000s, Conversion=0.0009s, RTAB-Map=0.0485s, Maps update=0.0002s pub=0.0000s delay=1.7500s (local map=2, WM=2)
[2025-10-16 18:03:10.917873][icp_odometry-3][STDERR] [INFO] [1760605390.917326456] [icp_odometry]: Odom: ratio=0.603755, std dev=0.015376m|0.004862rad, update time=0.770734s delay=1.875029s
[2025-10-16 18:03:11.082935][rtabmap-4][STDERR] [INFO] [1760605391.082501176] [rtabmap]: rtabmap (3): Rate=1.00s, Limit=0.000s, Conversion=0.0023s, RTAB-Map=0.0542s, Maps update=0.0001s pub=0.0000s delay=2.0501s (local map=3, WM=3)
[2025-10-16 18:03:11.985460][icp_odometry-3][STDERR] [INFO] [1760605391.984824841] [icp_odometry]: Odom: ratio=0.595102, std dev=0.018433m|0.005829rad, update time=0.634046s delay=1.824989s
[2025-10-16 18:03:12.035181][rtabmap-4][STDERR] [INFO] [1760605392.034782908] [rtabmap]: rtabmap (4): Rate=1.00s, Limit=0.000s, Conversion=0.0015s, RTAB-Map=0.0470s, Maps update=0.0001s pub=0.0000s delay=1.8750s (local map=4, WM=4)
[2025-10-16 18:03:12.482079][rtabmap_feedback_loop-6][STDERR] [WARN] [1760605392.480704394] [rtabmap_feedback_loop]: RTAB-Map 누적 맵 토픽(/rtabmap/map_data)이 87.5s 동안 업데이트되지 않았습니다. 그래프 최적화가 멈춘 것 같습니다.
[2025-10-16 18:03:12.484814][rtabmap_feedback_loop-6][STDERR] [ERROR] [1760605392.481374573] [rtabmap_feedback_loop]: 맵 정체가 지속되어 RTAB-Map 리셋을 요청합니다.
[2025-10-16 18:03:12.485623][rtabmap-4][STDERR] [INFO] [1760605392.482506480] [rtabmap]: rtabmap: Reset
[2025-10-16 18:03:12.664957][rtabmap_feedback_loop-6][STDERR] [INFO] [1760605392.664321108] [rtabmap_feedback_loop]: RTAB-Map 리셋 서비스를 성공적으로 호출했습니다.
[2025-10-16 18:03:12.951087][icp_odometry-3][STDERR] [INFO] [1760605392.950559662] [icp_odometry]: Odom: ratio=0.597299, std dev=0.017648m|0.005581rad, update time=0.462352s delay=1.575007s
[2025-10-16 18:03:12.999398][rtabmap-4][STDERR] [INFO] [1760605392.998973293] [rtabmap]: rtabmap (1): Rate=1.00s, Limit=0.000s, Conversion=0.0009s, RTAB-Map=0.0464s, Maps update=0.0001s pub=0.0000s delay=1.6250s (local map=1, WM=1)
[2025-10-16 18:03:14.212399][icp_odometry-3][STDERR] [INFO] [1760605394.211912522] [icp_odometry]: Odom: ratio=0.573838, std dev=0.020617m|0.006520rad, update time=0.560825s delay=1.725032s
[2025-10-16 18:03:14.266138][rtabmap-4][STDERR] [INFO] [1760605394.265771188] [rtabmap]: rtabmap (2): Rate=1.00s, Limit=0.000s, Conversion=0.0012s, RTAB-Map=0.0512s, Maps update=0.0001s pub=0.0000s delay=1.7750s (local map=2, WM=2)
[2025-10-16 18:03:15.284263][icp_odometry-3][STDERR] [INFO] [1760605395.283785435] [icp_odometry]: Odom: ratio=0.616386, std dev=0.013797m|0.004363rad, update time=0.469098s delay=1.649976s
[2025-10-16 18:03:15.333776][rtabmap-4][STDERR] [INFO] [1760605395.333333627] [rtabmap]: rtabmap (3): Rate=1.00s, Limit=0.000s, Conversion=0.0009s, RTAB-Map=0.0472s, Maps update=0.0002s pub=0.0000s delay=1.7000s (local map=3, WM=3)
[2025-10-16 18:03:16.740021][icp_odometry-3][STDERR] [INFO] [1760605396.739252069] [icp_odometry]: Odom: ratio=0.608004, std dev=0.018625m|0.005890rad, update time=0.727998s delay=1.974997s
[2025-10-16 18:03:16.787882][rtabmap-4][STDERR] [INFO] [1760605396.787340563] [rtabmap]: rtabmap (4): Rate=1.00s, Limit=0.000s, Conversion=0.0015s, RTAB-Map=0.0443s, Maps update=0.0001s pub=0.0000s delay=2.0250s (local map=4, WM=4)
[2025-10-16 18:03:17.484855][rtabmap_feedback_loop-6][STDERR] [WARN] [1760605397.484430564] [rtabmap_feedback_loop]: RTAB-Map 누적 맵 토픽(/rtabmap/map_data)이 92.5s 동안 업데이트되지 않았습니다. 그래프 최적화가 멈춘 것 같습니다.
[2025-10-16 18:03:17.485325][rtabmap_feedback_loop-6][STDERR] [ERROR] [1760605397.484880336] [rtabmap_feedback_loop]: 맵 정체가 지속되어 RTAB-Map 리셋을 요청합니다.
[2025-10-16 18:03:17.486589][rtabmap-4][STDERR] [INFO] [1760605397.485658564] [rtabmap]: rtabmap: Reset
[2025-10-16 18:03:17.673268][rtabmap_feedback_loop-6][STDERR] [INFO] [1760605397.672808332] [rtabmap_feedback_loop]: RTAB-Map 리셋 서비스를 성공적으로 호출했습니다.
[2025-10-16 18:03:17.920149][icp_odometry-3][STDERR] [INFO] [1760605397.919452608] [icp_odometry]: Odom: ratio=0.553403, std dev=0.021699m|0.006862rad, update time=0.753948s delay=1.899972s
[2025-10-16 18:03:17.968756][rtabmap-4][STDERR] [INFO] [1760605397.968221785] [rtabmap]: rtabmap (1): Rate=1.00s, Limit=0.000s, Conversion=0.0026s, RTAB-Map=0.0443s, Maps update=0.0001s pub=0.0000s delay=1.9500s (local map=1, WM=1)
[2025-10-16 18:03:18.723651][icp_odometry-3][STDERR] [INFO] [1760605398.723196895] [icp_odometry]: Odom: ratio=0.527594, std dev=0.020656m|0.006532rad, update time=0.445097s delay=1.550099s
[2025-10-16 18:03:19.080215][rtabmap-4][STDERR] [INFO] [1760605399.079777345] [rtabmap]: rtabmap (2): Rate=1.00s, Limit=0.000s, Conversion=0.0019s, RTAB-Map=0.0483s, Maps update=0.0001s pub=0.0000s delay=1.9250s (local map=2, WM=2)
[2025-10-16 18:03:20.199512][icp_odometry-3][STDERR] [INFO] [1760605400.199026473] [icp_odometry]: Odom: ratio=0.482173, std dev=0.022360m|0.007071rad, update time=0.717619s delay=1.900006s
[2025-10-16 18:03:20.253153][rtabmap-4][STDERR] [INFO] [1760605400.252664206] [rtabmap]: rtabmap (3): Rate=1.00s, Limit=0.000s, Conversion=0.0010s, RTAB-Map=0.0513s, Maps update=0.0002s pub=0.0000s delay=1.9500s (local map=3, WM=3)
[2025-10-16 18:03:21.365170][icp_odometry-3][STDERR] [INFO] [1760605401.364640090] [icp_odometry]: Odom: ratio=0.468751, std dev=0.024842m|0.007856rad, update time=0.726317s delay=1.875015s
[2025-10-16 18:03:21.414757][rtabmap-4][STDERR] [INFO] [1760605401.414292401] [rtabmap]: rtabmap (4): Rate=1.00s, Limit=0.000s, Conversion=0.0013s, RTAB-Map=0.0471s, Maps update=0.0001s pub=0.0000s delay=1.9250s (local map=4, WM=4)
[2025-10-16 18:03:21.858518][rtabmap-4][STDERR] [WARN] [1760605401.854931718] [tf2_buffer]: Detected jump back in time. Clearing TF buffer.
[2025-10-16 18:03:21.859251][icp_odometry-3][STDERR] [WARN] [1760605401.855095598] [tf2_buffer]: Detected jump back in time. Clearing TF buffer.
[2025-10-16 18:03:21.861617][time_jump_reset-5][STDERR] [WARN] [1760605401.861231240] [time_jump_reset]: 시뮬레이션 시간이 73.087s 만큼 과거로 이동했습니다. 리셋 시퀀스를 시작합니다.
[2025-10-16 18:03:21.862881][time_jump_reset-5][STDERR] [INFO] [1760605401.862558476] [time_jump_reset]: 1/3: 노드들을 비활성화합니다.
[2025-10-16 18:03:21.864580][icp_odometry-3][STDERR] [INFO] [1760605401.864081763] [icp_odometry]: Lifecycle 상태가 'inactive'로 전환되었습니다.
[2025-10-16 18:03:21.893107][rtabmap-4][STDERR] [INFO] [1760605401.892426863] [rtabmap]: rtabmap: Lifecycle 상태가 'inactive'로 전환되었습니다.
[2025-10-16 18:03:21.893972][rtabmap-4][STDERR] [INFO] [1760605401.893143606] [rtabmap]: Parameters event received!
[2025-10-16 18:03:21.893972][rtabmap-4][STDERR] [INFO] [1760605401.893187311] [rtabmap]: rtabmap: Updating parameters
[2025-10-16 18:03:21.893972][rtabmap-4][STDERR] [INFO] [1760605401.893221955] [rtabmap]: RTAB-Map rate detection = 1.000000 Hz
[2025-10-16 18:03:21.895636][time_jump_reset-5][STDERR] [INFO] [1760605401.895073568] [time_jump_reset]: 2/3: 노드들의 상태를 리셋합니다.
[2025-10-16 18:03:21.906374][time_jump_reset-5][STDERR] [INFO] [1760605401.905953530] [time_jump_reset]: /clock 토픽 수신 시작. SLAM 시스템을 활성화합니다.
[2025-10-16 18:03:22.524240][icp_odometry-3][STDERR] [WARN] [1760605402.523800605] [icp_odometry]: TF odom->base_link is not published because we detected a time jump in the past of 72.412020 sec.
[2025-10-16 18:03:22.529163][icp_odometry-3][STDERR] [INFO] [1760605402.528430608] [icp_odometry]: Odom: ratio=0.477928, std dev=0.023993m|0.007587rad, update time=0.718017s delay=-71.212020s
[2025-10-16 18:03:22.529163][icp_odometry-3][STDERR] [WARN] [1760605402.528538634] [icp_odometry]: icp_odometry: Detected time jump in the past of 72.287019 sec, forcing diagnostic update.
[2025-10-16 18:03:22.530021][rtabmap-4][STDERR] [WARN] [1760605402.529437838] [rtabmap]: rtabmap: Detected time jump in the past of 71.987032 sec, forcing diagnostic update.
[2025-10-16 18:03:22.879810][rtabmap_feedback_loop-6][STDERR] [WARN] [1760605402.879444258] [rtabmap_feedback_loop]: RTAB-Map 누적 맵 토픽(/rtabmap/map_data)이 97.9s 동안 업데이트되지 않았습니다. 그래프 최적화가 멈춘 것 같습니다.
[2025-10-16 18:03:22.880313][rtabmap_feedback_loop-6][STDERR] [ERROR] [1760605402.880088833] [rtabmap_feedback_loop]: 맵 정체가 지속되어 RTAB-Map 리셋을 요청합니다.
[2025-10-16 18:03:22.880747][rtabmap-4][STDERR] [INFO] [1760605402.880439344] [rtabmap]: rtabmap: Reset
[2025-10-16 18:03:23.024348][rtabmap_feedback_loop-6][STDERR] [INFO] [1760605403.023831806] [rtabmap_feedback_loop]: RTAB-Map 리셋 서비스를 성공적으로 호출했습니다.
[2025-10-16 18:03:24.024264][rtabmap-4][STDERR] [WARN] [1760605404.023562096] []: Messages of type 0 arrived out of order (will print only once)
[2025-10-16 18:03:25.855230][rtabmap_feedback_loop-6][STDERR] [WARN] [1760605405.854860166] [rtabmap_feedback_loop]: ICP Odometry 토픽(/odom)이 3.3s 동안 갱신되지 않았습니다. 추정이 멈춘 것으로 판단합니다.
[2025-10-16 18:03:26.902969][time_jump_reset-5][STDERR] [ERROR] [1760605406.902563360] [time_jump_reset]: /icp_odometry/reset_odom 리셋 서비스를 사용할 수 없습니다.
[2025-10-16 18:03:26.903526][rtabmap-4][STDERR] [INFO] [1760605406.903052228] [rtabmap]: rtabmap: Reset
[2025-10-16 18:03:27.068136][time_jump_reset-5][STDERR] [INFO] [1760605407.067760121] [time_jump_reset]: 3/3: 노드들을 다시 활성화합니다.
[2025-10-16 18:03:27.068986][icp_odometry-3][STDERR] [INFO] [1760605407.068671633] [icp_odometry]: Lifecycle 상태가 'active'로 전환되었습니다.
[2025-10-16 18:03:27.071262][rtabmap-4][STDERR] [INFO] [1760605407.070857998] [rtabmap]: rtabmap: Lifecycle 상태가 'active'로 전환되었습니다.
[2025-10-16 18:03:27.072552][rtabmap-4][STDERR] [INFO] [1760605407.072008243] [rtabmap]: Parameters event received!
[2025-10-16 18:03:27.073059][rtabmap-4][STDERR] [INFO] [1760605407.072101471] [rtabmap]: rtabmap: Updating parameters
[2025-10-16 18:03:27.073059][rtabmap-4][STDERR] [INFO] [1760605407.072158984] [rtabmap]: RTAB-Map rate detection = 1.000000 Hz
[2025-10-16 18:03:27.074486][time_jump_reset-5][STDERR] [WARN] [1760605407.074122489] [time_jump_reset]: 리셋 시퀀스가 완료되었습니다.
[2025-10-16 18:03:27.564784][icp_odometry-3][STDERR] [WARN] [1760605407.563011269] [icp_odometry]: Odometry: Detected jump back in time of 67.362013 sec. Odometry is automatically reset to latest computed pose!
[2025-10-16 18:03:27.564784][icp_odometry-3][STDERR] [WARN] [1760605407.563547325] [icp_odometry]: Odometry: Restarting with frame: 1727155741.832793 (clock previous=1727155810.344792, new=1727155742.982780)
[2025-10-16 18:03:27.575216][rtabmap_feedback_loop-6][STDERR] [INFO] [1760605407.574509059] [rtabmap_feedback_loop]: ICP Odometry 토픽(/odom) 수신이 1.7s 만에 복구되었습니다.
[2025-10-16 18:03:27.576017][rtabmap_feedback_loop-6][STDERR] [INFO] [1760605407.575157301] [rtabmap_feedback_loop]: ICP Odometry가 1.7s 정지 후 정상화되었습니다.
[2025-10-16 18:03:27.580507][icp_odometry-3][STDERR] [INFO] [1760605407.580118161] [icp_odometry]: Odom: ratio=0.000000, std dev=99.995000m|99.995000rad, update time=0.016515s delay=1.149987s
[2025-10-16 18:03:28.866499][rtabmap_feedback_loop-6][STDERR] [WARN] [1760605408.856160051] [rtabmap_feedback_loop]: RTAB-Map 누적 맵 토픽(/rtabmap/map_data)이 103.9s 동안 업데이트되지 않았습니다. 그래프 최적화가 멈춘 것 같습니다.
[2025-10-16 18:03:28.866499][rtabmap_feedback_loop-6][STDERR] [ERROR] [1760605408.856933127] [rtabmap_feedback_loop]: 맵 정체가 지속되어 RTAB-Map 리셋을 요청합니다.
[2025-10-16 18:03:28.866943][rtabmap-4][STDERR] [INFO] [1760605408.857545055] [rtabmap]: rtabmap: Reset
[2025-10-16 18:03:29.039017][rtabmap_feedback_loop-6][STDERR] [INFO] [1760605409.036651031] [rtabmap_feedback_loop]: RTAB-Map 리셋 서비스를 성공적으로 호출했습니다.
[2025-10-16 18:03:29.512141][icp_odometry-3][STDERR] [INFO] [1760605409.511677814] [icp_odometry]: Odom: ratio=0.662708, std dev=0.023413m|0.007404rad, update time=0.763351s delay=1.950002s
[2025-10-16 18:03:30.089187][rtabmap-4][STDERR] [WARN] [1760605410.086139625] [rtabmap]: rtabmap: Did not receive data since 5 seconds! Make sure the input topics are published ("$ ros2 topic hz my_topic") and the timestamps in their header are set. If topics are coming from different computers, make sure the clocks of the computers are synchronized ("ntpdate"). Ajusting topic_queue_size (10) and sync_queue_size (10) can also help for better synchronization if framerates and/or delays are different. If topics are not published at the same rate, you could increase "sync_queue_size" and/or "topic_queue_size" parameters (current=10 and 10 respectively).
[2025-10-16 18:03:30.089187][rtabmap-4][STDERR] rtabmap subscribed to (approx sync):
[2025-10-16 18:03:30.089187][rtabmap-4][STDERR]    /stream_pair/decoded \
[2025-10-16 18:03:30.089187][rtabmap-4][STDERR]    /odom_info
[2025-10-16 18:03:30.573429][icp_odometry-3][STDERR] [INFO] [1760605410.572775942] [icp_odometry]: Odom: ratio=0.499928, std dev=0.023352m|0.007385rad, update time=0.633195s delay=1.825010s
[2025-10-16 18:03:31.758417][icp_odometry-3][STDERR] [INFO] [1760605411.757416473] [icp_odometry]: Odom: ratio=0.457627, std dev=0.024178m|0.007646rad, update time=0.699673s delay=1.824989s
[2025-10-16 18:03:32.937863][icp_odometry-3][STDERR] [INFO] [1760605412.937340689] [icp_odometry]: Odom: ratio=0.440140, std dev=0.024163m|0.007641rad, update time=0.689782s delay=1.874998s
[2025-10-16 18:03:33.860279][rtabmap_feedback_loop-6][STDERR] [WARN] [1760605413.858153991] [rtabmap_feedback_loop]: RTAB-Map 누적 맵 토픽(/rtabmap/map_data)이 108.9s 동안 업데이트되지 않았습니다. 그래프 최적화가 멈춘 것 같습니다.
[2025-10-16 18:03:33.867263][rtabmap_feedback_loop-6][STDERR] [ERROR] [1760605413.861206392] [rtabmap_feedback_loop]: 맵 정체가 지속되어 RTAB-Map 리셋을 요청합니다.
[2025-10-16 18:03:33.867803][rtabmap-4][STDERR] [INFO] [1760605413.865972585] [rtabmap]: rtabmap: Reset
[2025-10-16 18:03:33.943087][icp_odometry-3][STDERR] [WARN] [1760605413.942309026] [icp_odometry]: Odometry lost! Odometry will be reset after next 2 consecutive unsuccessful odometry updates...
[2025-10-16 18:03:33.949815][icp_odometry-3][STDERR] [INFO] [1760605413.948950811] [icp_odometry]: Odom: ratio=0.039049, std dev=0.000000m|0.000000rad, update time=0.521572s delay=1.700011s
[2025-10-16 18:03:34.037604][rtabmap_feedback_loop-6][STDERR] [INFO] [1760605414.036697868] [rtabmap_feedback_loop]: RTAB-Map 리셋 서비스를 성공적으로 호출했습니다.
[2025-10-16 18:03:34.637930][icp_odometry-3][STDERR] [WARN] [1760605414.636997891] [icp_odometry]: Odometry lost! Odometry will be reset after next 1 consecutive unsuccessful odometry updates...
[2025-10-16 18:03:34.645391][icp_odometry-3][STDERR] [INFO] [1760605414.644547450] [icp_odometry]: Odom: ratio=0.000000, std dev=0.000000m|0.000000rad, update time=0.007890s delay=1.225002s
[2025-10-16 18:03:36.230193][icp_odometry-3][STDERR] [WARN] [1760605416.229758675] [icp_odometry]: Odometry automatically reset to latest computed pose!
[2025-10-16 18:03:36.236849][icp_odometry-3][STDERR] [INFO] [1760605416.235753328] [icp_odometry]: Odom: ratio=0.000000, std dev=0.000000m|0.000000rad, update time=0.512513s delay=1.623264s
[2025-10-16 18:03:36.902777][icp_odometry-3][STDERR] [INFO] [1760605416.902306007] [icp_odometry]: Odom: ratio=0.000000, std dev=99.995000m|99.995000rad, update time=0.016005s delay=1.174988s
[2025-10-16 18:03:36.966551][rtabmap-4][STDERR] [INFO] [1760605416.965431095] [rtabmap]: rtabmap (1): Rate=1.00s, Limit=0.000s, Conversion=0.0020s, RTAB-Map=0.0594s, Maps update=0.0003s pub=0.0001s delay=1.2500s (local map=1, WM=1)
[2025-10-16 18:03:38.163253][icp_odometry-3][STDERR] [WARN] [1760605418.162823794] [icp_odometry]: Odometry lost! Odometry will be reset after next 2 consecutive unsuccessful odometry updates...
[2025-10-16 18:03:38.168406][icp_odometry-3][STDERR] [INFO] [1760605418.168070556] [icp_odometry]: Odom: ratio=0.000000, std dev=0.000000m|0.000000rad, update time=0.109458s delay=1.275012s
[2025-10-16 18:03:39.299900][icp_odometry-3][STDERR] [WARN] [1760605419.299430382] [icp_odometry]: Odometry lost! Odometry will be reset after next 1 consecutive unsuccessful odometry updates...
[2025-10-16 18:03:39.307031][icp_odometry-3][STDERR] [INFO] [1760605419.306283248] [icp_odometry]: Odom: ratio=0.000000, std dev=0.000000m|0.000000rad, update time=0.098447s delay=1.274997s
[2025-10-16 18:03:39.855550][rtabmap_feedback_loop-6][STDERR] [WARN] [1760605419.855077458] [rtabmap_feedback_loop]: RTAB-Map 누적 맵 토픽(/rtabmap/map_data)이 114.9s 동안 업데이트되지 않았습니다. 그래프 최적화가 멈춘 것 같습니다.
[2025-10-16 18:03:39.856161][rtabmap_feedback_loop-6][STDERR] [ERROR] [1760605419.855774962] [rtabmap_feedback_loop]: 맵 정체가 지속되어 RTAB-Map 리셋을 요청합니다.
[2025-10-16 18:03:39.857069][rtabmap-4][STDERR] [INFO] [1760605419.856704412] [rtabmap]: rtabmap: Reset
[2025-10-16 18:03:40.016207][rtabmap_feedback_loop-6][STDERR] [INFO] [1760605420.015666973] [rtabmap_feedback_loop]: RTAB-Map 리셋 서비스를 성공적으로 호출했습니다.
[2025-10-16 18:03:40.957038][icp_odometry-3][STDERR] [WARN] [1760605420.955855459] [icp_odometry]: Odometry automatically reset to latest computed pose!
[2025-10-16 18:03:40.965036][icp_odometry-3][STDERR] [INFO] [1760605420.964562054] [icp_odometry]: Odom: ratio=0.000000, std dev=0.000000m|0.000000rad, update time=0.604871s delay=1.775014s
[2025-10-16 18:03:41.538456][icp_odometry-3][STDERR] [INFO] [1760605421.537696171] [icp_odometry]: Odom: ratio=0.000000, std dev=99.995000m|99.995000rad, update time=0.016570s delay=1.199987s
[2025-10-16 18:03:41.596003][rtabmap-4][STDERR] [INFO] [1760605421.595618920] [rtabmap]: rtabmap (1): Rate=1.00s, Limit=0.000s, Conversion=0.0013s, RTAB-Map=0.0534s, Maps update=0.0001s pub=0.0000s delay=1.2499s (local map=1, WM=1)
[2025-10-16 18:03:42.736914][icp_odometry-3][STDERR] [WARN] [1760605422.736293682] [icp_odometry]: Odometry lost! Odometry will be reset after next 2 consecutive unsuccessful odometry updates...
[2025-10-16 18:03:42.744899][icp_odometry-3][STDERR] [INFO] [1760605422.744390766] [icp_odometry]: Odom: ratio=0.000000, std dev=0.000000m|0.000000rad, update time=0.091759s delay=1.224999s
[2025-10-16 18:03:44.643366][icp_odometry-3][STDERR] [WARN] [1760605424.642724807] [icp_odometry]: Odometry lost! Odometry will be reset after next 1 consecutive unsuccessful odometry updates...
[2025-10-16 18:03:44.651719][icp_odometry-3][STDERR] [INFO] [1760605424.651207455] [icp_odometry]: Odom: ratio=0.000000, std dev=0.000000m|0.000000rad, update time=0.868958s delay=2.000025s
[2025-10-16 18:03:44.872506][rtabmap_feedback_loop-6][STDERR] [WARN] [1760605424.868150856] [rtabmap_feedback_loop]: RTAB-Map 누적 맵 토픽(/rtabmap/map_data)이 119.9s 동안 업데이트되지 않았습니다. 그래프 최적화가 멈춘 것 같습니다.
[2025-10-16 18:03:44.872506][rtabmap_feedback_loop-6][STDERR] [ERROR] [1760605424.871019791] [rtabmap_feedback_loop]: 맵 정체가 지속되어 RTAB-Map 리셋을 요청합니다.
[2025-10-16 18:03:44.882953][rtabmap-4][STDERR] [INFO] [1760605424.879051563] [rtabmap]: rtabmap: Reset
[2025-10-16 18:03:45.081781][rtabmap_feedback_loop-6][STDERR] [INFO] [1760605425.081396774] [rtabmap_feedback_loop]: RTAB-Map 리셋 서비스를 성공적으로 호출했습니다.
[2025-10-16 18:03:45.584006][icp_odometry-3][STDERR] [WARN] [1760605425.583546201] [icp_odometry]: Odometry automatically reset to latest computed pose!
[2025-10-16 18:03:45.592597][icp_odometry-3][STDERR] [INFO] [1760605425.592128249] [icp_odometry]: Odom: ratio=0.000000, std dev=0.000000m|0.000000rad, update time=0.632598s delay=1.825040s
[2025-10-16 18:03:46.060039][icp_odometry-3][STDERR] [INFO] [1760605426.059285964] [icp_odometry]: Odom: ratio=0.000000, std dev=99.995000m|99.995000rad, update time=0.023129s delay=1.124804s
[2025-10-16 18:03:46.136155][rtabmap-4][STDERR] [INFO] [1760605426.135588146] [rtabmap]: rtabmap (1): Rate=1.00s, Limit=0.000s, Conversion=0.0016s, RTAB-Map=0.0587s, Maps update=0.0002s pub=0.0000s delay=1.1998s (local map=1, WM=1)
[2025-10-16 18:03:47.328498][icp_odometry-3][STDERR] [WARN] [1760605427.327899767] [icp_odometry]: Odometry lost! Odometry will be reset after next 2 consecutive unsuccessful odometry updates...
[2025-10-16 18:03:47.336020][icp_odometry-3][STDERR] [INFO] [1760605427.335275493] [icp_odometry]: Odom: ratio=0.000000, std dev=0.000000m|0.000000rad, update time=0.124943s delay=1.325018s
[2025-10-16 18:03:48.386170][icp_odometry-3][STDERR] [WARN] [1760605428.385674645] [icp_odometry]: Odometry lost! Odometry will be reset after next 1 consecutive unsuccessful odometry updates...
[2025-10-16 18:03:48.395674][icp_odometry-3][STDERR] [INFO] [1760605428.395257450] [icp_odometry]: Odom: ratio=0.000000, std dev=0.000000m|0.000000rad, update time=0.123676s delay=1.225007s
[2025-10-16 18:03:50.060480][icp_odometry-3][STDERR] [WARN] [1760605430.060111005] [icp_odometry]: Odometry automatically reset to latest computed pose!
[2025-10-16 18:03:50.067184][icp_odometry-3][STDERR] [INFO] [1760605430.066681039] [icp_odometry]: Odom: ratio=0.000000, std dev=0.000000m|0.000000rad, update time=0.642372s delay=1.800023s
[2025-10-16 18:03:50.293602][rtabmap-4][STDOUT] [33m[ WARN] (2025-10-16 18:03:34.682) MsgConversion.cpp:2010::getTransform() (getting transform odom -> base_link) Lookup would require extrapolation into the future.  Requested time 1727155747.657785 but the latest data is at time 1727155746.482793, when looking up transform from frame [base_link] to frame [odom] (wait_for_transform=0.200000)[0m
[2025-10-16 18:03:50.293602][rtabmap-4][STDOUT] [33m[ WARN] (2025-10-16 18:03:34.936) MsgConversion.cpp:2010::getTransform() (getting transform odom -> base_link) Lookup would require extrapolation into the future.  Requested time 1727155748.832794 but the latest data is at time 1727155746.482793, when looking up transform from frame [base_link] to frame [odom] (wait_for_transform=0.200000)[0m
[2025-10-16 18:03:50.293602][rtabmap-4][STDOUT] [33m[ WARN] (2025-10-16 18:03:36.462) MsgConversion.cpp:2010::getTransform() (getting transform odom -> base_link) Lookup would require extrapolation into the future.  Requested time 1727155750.034560 but the latest data is at time 1727155746.482793, when looking up transform from frame [base_link] to frame [odom] (wait_for_transform=0.200000)[0m
[2025-10-16 18:03:50.293602][rtabmap-4][STDOUT] [33m[ WARN] (2025-10-16 18:03:38.384) MsgConversion.cpp:2010::getTransform() (getting transform odom -> base_link) Lookup would require extrapolation into the future.  Requested time 1727155752.307816 but the latest data is at time 1727155751.132828, when looking up transform from frame [base_link] to frame [odom] (wait_for_transform=0.200000)[0m
[2025-10-16 18:03:50.293602][rtabmap-4][STDOUT] [33m[ WARN] (2025-10-16 18:03:39.511) MsgConversion.cpp:2010::getTransform() (getting transform odom -> base_link) Lookup would require extrapolation into the future.  Requested time 1727155753.457818 but the latest data is at time 1727155751.132828, when looking up transform from frame [base_link] to frame [odom] (wait_for_transform=0.200000)[0m
[2025-10-16 18:03:50.293602][rtabmap-4][STDOUT] [33m[ WARN] (2025-10-16 18:03:41.188) MsgConversion.cpp:2010::getTransform() (getting transform odom -> base_link) Lookup would require extrapolation into the future.  Requested time 1727155754.607818 but the latest data is at time 1727155751.132828, when looking up transform from frame [base_link] to frame [odom] (wait_for_transform=0.200000)[0m
[2025-10-16 18:03:50.293602][rtabmap-4][STDOUT] [33m[ WARN] (2025-10-16 18:03:42.959) MsgConversion.cpp:2010::getTransform() (getting transform odom -> base_link) Lookup would require extrapolation into the future.  Requested time 1727155756.932836 but the latest data is at time 1727155755.757837, when looking up transform from frame [base_link] to frame [odom] (wait_for_transform=0.200000)[0m
[2025-10-16 18:03:50.293602][rtabmap-4][STDOUT] [33m[ WARN] (2025-10-16 18:03:44.867) MsgConversion.cpp:2010::getTransform() (getting transform odom -> base_link) Lookup would require extrapolation into the future.  Requested time 1727155758.057832 but the latest data is at time 1727155755.757837, when looking up transform from frame [base_link] to frame [odom] (wait_for_transform=0.200000)[0m
[2025-10-16 18:03:50.293602][rtabmap-4][STDOUT] [33m[ WARN] (2025-10-16 18:03:45.806) MsgConversion.cpp:2010::getTransform() (getting transform odom -> base_link) Lookup would require extrapolation into the future.  Requested time 1727155759.182846 but the latest data is at time 1727155755.757837, when looking up transform from frame [base_link] to frame [odom] (wait_for_transform=0.200000)[0m
[2025-10-16 18:03:50.293602][rtabmap-4][STDOUT] [33m[ WARN] (2025-10-16 18:03:47.559) MsgConversion.cpp:2010::getTransform() (getting transform odom -> base_link) Lookup would require extrapolation into the future.  Requested time 1727155761.432846 but the latest data is at time 1727155760.358050, when looking up transform from frame [base_link] to frame [odom] (wait_for_transform=0.200000)[0m
[2025-10-16 18:03:50.293602][rtabmap-4][STDOUT] [33m[ WARN] (2025-10-16 18:03:48.579) MsgConversion.cpp:2010::getTransform() (getting transform odom -> base_link) Lookup would require extrapolation into the future.  Requested time 1727155762.582863 but the latest data is at time 1727155760.358050, when looking up transform from frame [base_link] to frame [odom] (wait_for_transform=0.200000)[0m
[2025-10-16 18:03:50.293602][rtabmap-4][STDOUT] [33m[ WARN] (2025-10-16 18:03:50.292) MsgConversion.cpp:2010::getTransform() (getting transform odom -> base_link) Lookup would require extrapolation into the future.  Requested time 1727155763.682860 but the latest data is
[2025-10-16 18:03:50.667954][icp_odometry-3][STDERR] [INFO] [1760605430.667071515] [icp_odometry]: Odom: ratio=0.000000, std dev=99.995000m|99.995000rad, update time=0.027078s delay=1.250004s
[2025-10-16 18:03:50.752049][rtabmap-4][STDERR] [INFO] [1760605430.751594057] [rtabmap]: rtabmap (2): Rate=1.00s, Limit=0.000s, Conversion=0.0016s, RTAB-Map=0.0735s, Maps update=0.0002s pub=0.0000s delay=1.3250s (local map=2, WM=2)
[2025-10-16 18:03:50.855735][rtabmap_feedback_loop-6][STDERR] [WARN] [1760605430.855129384] [rtabmap_feedback_loop]: RTAB-Map 누적 맵 토픽(/rtabmap/map_data)이 125.9s 동안 업데이트되지 않았습니다. 그래프 최적화가 멈춘 것 같습니다.
[2025-10-16 18:03:50.856350][rtabmap_feedback_loop-6][STDERR] [ERROR] [1760605430.855966648] [rtabmap_feedback_loop]: 맵 정체가 지속되어 RTAB-Map 리셋을 요청합니다.
[2025-10-16 18:03:50.856993][rtabmap-4][STDERR] [INFO] [1760605430.856506266] [rtabmap]: rtabmap: Reset
[2025-10-16 18:03:51.003766][rtabmap_feedback_loop-6][STDERR] [INFO] [1760605431.003180854] [rtabmap_feedback_loop]: RTAB-Map 리셋 서비스를 성공적으로 호출했습니다.
[2025-10-16 18:03:51.962336][icp_odometry-3][STDOUT] [33m[ WARN] (2025-10-16 18:03:33.942) OdometryF2M.cpp:626::computeTransform() Registration failed: "Cannot compute transform (cor=1894 corrRatio=0.039049/0.070000 maxLaserScans=48503)" (guess=xyz=0.115100,-0.006847,0.001351 rpy=-0.000295,-0.000060,0.015967)[0m
[2025-10-16 18:03:51.962336][icp_odometry-3][STDOUT] [31m[ERROR] (2025-10-16 18:03:34.636) RegistrationIcp.cpp:980::computeTransformationImpl() RegistrationIcp cannot do registration with a null guess.[0m
[2025-10-16 18:03:51.962336][icp_odometry-3][STDOUT] [33m[ WARN] (2025-10-16 18:03:34.636) OdometryF2M.cpp:622::computeTransform() Registration failed: "RegistrationIcp cannot do registration with a null guess."[0m
[2025-10-16 18:03:51.962336][icp_odometry-3][STDOUT] [31m[ERROR] (2025-10-16 18:03:35.723) RegistrationIcp.cpp:980::computeTransformationImpl() RegistrationIcp cannot do registration with a null guess.[0m
[2025-10-16 18:03:51.962336][icp_odometry-3][STDOUT] [33m[ WARN] (2025-10-16 18:03:35.723) OdometryF2M.cpp:622::computeTransform() Registration failed: "RegistrationIcp cannot do registration with a null guess."[0m
[2025-10-16 18:03:51.962336][icp_odometry-3][STDOUT] [33m[ WARN] (2025-10-16 18:03:36.229) MsgConversion.cpp:2010::getTransform() (getting transform odom -> base_link) Lookup would require extrapolation into the future.  Requested time 1727155750.034560 but the latest data is at time 1727155746.482793, when looking up transform from frame [base_link] to frame [odom] (wait_for_transform=0.500000)[0m
[2025-10-16 18:03:51.962336][icp_odometry-3][STDOUT] [33m[ WARN] (2025-10-16 18:03:38.162) OdometryF2M.cpp:622::computeTransform() Registration failed: "libpointmatcher has failed: limit out of bounds: rot: 0.0208189/1 tr: 0.374678/0.35"[0m
[2025-10-16 18:03:51.962336][icp_odometry-3][STDOUT] [33m[ WARN] (2025-10-16 18:03:39.299) OdometryF2M.cpp:622::computeTransform() Registration failed: "libpointmatcher has failed: limit out of bounds: rot: 0.00819257/1 tr: 0.373658/0.35"[0m
[2025-10-16 18:03:51.962336][icp_odometry-3][STDOUT] [33m[ WARN] (2025-10-16 18:03:40.466) OdometryF2M.cpp:622::computeTransform() Registration failed: "libpointmatcher has failed: limit out of bounds: rot: 0.0147048/1 tr: 0.350643/0.35"[0m
[2025-10-16 18:03:51.962336][icp_odometry-3][STDOUT] [33m[ WARN] (2025-10-16 18:03:40.955) MsgConversion.cpp:2010::getTransform() (getting transform odom -> base_link) Lookup would require extrapolation into the future.  Requested time 1727155754.607818 but the latest data is at time 1727155751.132828, when looking up transform from frame [base_link] to frame [odom] (wait_for_transform=0.500000)[0m
[2025-10-16 18:03:51.962336][icp_odometry-3][STDOUT] [33m[ WARN] (2025-10-16 18:03:42.736) OdometryF2M.cpp:622::computeTransform() Registration failed: "libpointmatcher has failed: limit out of bounds: rot: 0.0104265/1 tr: 0.419248/0.35"[0m
[2025-10-16 18:03:51.962336][icp_odometry-3][STDOUT] [33m[ WARN] (2025-10-16 18:03:44.642) OdometryF2M.cpp:622::computeTransform() Registration failed: "Cannot compute transform (ICP correction too large -> 0.356759 m 0.028899 rad, limits=0.350000 m, 1.000000 rad)"[0m
[2025-10-16 18:03:51.962336][icp_odometry-3][STDOUT] [33m[ WARN] (2025-10-16 18:03:45.057) OdometryF2M.cpp:622::computeTransform() Registration failed: "libpointmatcher has failed: limit out of bounds: rot: 0.0259941/1 tr: 0.385122/0.35"[0m
[2025-10-16 18:03:51.962336][icp_odometry-3][STDOUT] [33m[ WARN] (2025-10-16 18:03:45.583) MsgConversion.cpp:2010::getTransform() (getting transform odom -> base_link) Lookup would require extrapolation into the future.  Requested time 1727155759.182846 but the latest data is at time 1727155755.757837, when looking up transform from frame [base_link] to frame [odom] (wait_for_transform=0.500000)[0m
[2025-10-16 18:03:51.962336][icp_odometry-3][STDOUT] [33m[ WARN] (2025-10-16 18:03:47.327) OdometryF2M.cpp:622::computeTransform() Registration failed: "libpointmatcher has failed: limit out of bounds: rot: 0.0184136/1 tr: 0.477114/0.35"[0m
[2025-10-16 18:03:51.962336][icp_odometry-3][STDOUT] [33m[ WARN] (2025-10-16 18:03:48.385) OdometryF2M.cpp:622::computeTransform() Registration failed: "libpointmatcher has failed: limit out of bounds: rot: 0.00647783/1 tr: 0.462232/0.35"[0m
[2025-10-16 18:03:51.962336][icp_odometry-3][STDOUT] [33m[ WARN] (2025-10-16 18:03:49.533) OdometryF2M.cpp:622::computeTransform() Registration failed: "libpointmatcher has failed: limit out of bounds: rot: 0.0132275/1 tr: 0.382836/0.35"[0m
[2025-10-16 18:03:51.962336][icp_odometry-3][STDOUT] [33m[ WARN] (2025-10-16 18:03:50.060) MsgConversion.cpp:2010::getTransform() (getting transform odom -> base_link) Lookup would require extrapolation into the future.  Requested time 1727155763.682860 but the latest data is at time 1727155760.358050, when looking up transform from frame [base_link] to frame [odom] (wait_for_transform=0.500000)[0m
[2025-10-16 18:03:51.962336][icp_odometry-3][STDOUT] [33m[ WARN] (2025-10-16 18:03:51.9
[2025-10-16 18:03:51.962822][icp_odometry-3][STDERR] [WARN] [1760605431.960696905] [icp_odometry]: Odometry lost! Odometry will be reset after next 2 consecutive unsuccessful odometry updates...
[2025-10-16 18:03:51.974231][icp_odometry-3][STDERR] [INFO] [1760605431.973401829] [icp_odometry]: Odom: ratio=0.000000, std dev=0.000000m|0.000000rad, update time=0.292328s delay=1.425059s
[2025-10-16 18:03:52.990706][icp_odometry-3][STDERR] [WARN] [1760605432.989823926] [icp_odometry]: Odometry lost! Odometry will be reset after next 1 consecutive unsuccessful odometry updates...
[2025-10-16 18:03:53.005384][icp_odometry-3][STDERR] [INFO] [1760605433.003361223] [icp_odometry]: Odom: ratio=0.000000, std dev=0.000000m|0.000000rad, update time=0.223116s delay=1.351251s
[2025-10-16 18:03:55.355365][icp_odometry-3][STDERR] [WARN] [1760605435.354067518] [icp_odometry]: Odometry automatically reset to latest computed pose!
[2025-10-16 18:03:55.369696][icp_odometry-3][STDERR] [INFO] [1760605435.369258331] [icp_odometry]: Odom: ratio=0.018913, std dev=0.000000m|0.000000rad, update time=1.415485s delay=2.599875s
[2025-10-16 18:03:55.855598][rtabmap_feedback_loop-6][STDERR] [WARN] [1760605435.855140693] [rtabmap_feedback_loop]: RTAB-Map 누적 맵 토픽(/rtabmap/map_data)이 130.9s 동안 업데이트되지 않았습니다. 그래프 최적화가 멈춘 것 같습니다.
[2025-10-16 18:03:55.856194][rtabmap_feedback_loop-6][STDERR] [ERROR] [1760605435.855888235] [rtabmap_feedback_loop]: 맵 정체가 지속되어 RTAB-Map 리셋을 요청합니다.
[2025-10-16 18:03:55.856672][rtabmap-4][STDERR] [INFO] [1760605435.856276596] [rtabmap]: rtabmap: Reset
[2025-10-16 18:03:56.011158][rtabmap_feedback_loop-6][STDERR] [INFO] [1760605436.010734889] [rtabmap_feedback_loop]: RTAB-Map 리셋 서비스를 성공적으로 호출했습니다.
[2025-10-16 18:03:56.241143][icp_odometry-3][STDERR] [INFO] [1760605436.240606350] [icp_odometry]: Odom: ratio=0.000000, std dev=99.995000m|99.995000rad, update time=0.017935s delay=1.125003s
[2025-10-16 18:03:56.301623][rtabmap-4][STDERR] [INFO] [1760605436.300937292] [rtabmap]: rtabmap (1): Rate=1.00s, Limit=0.000s, Conversion=0.0009s, RTAB-Map=0.0573s, Maps update=0.0001s pub=0.0001s delay=1.1751s (local map=1, WM=1)
[2025-10-16 18:03:57.515013][icp_odometry-3][STDERR] [WARN] [1760605437.514499067] [icp_odometry]: Odometry lost! Odometry will be reset after next 2 consecutive unsuccessful odometry updates...
[2025-10-16 18:03:57.525648][icp_odometry-3][STDERR] [INFO] [1760605437.524811955] [icp_odometry]: Odom: ratio=0.000000, std dev=0.000000m|0.000000rad, update time=0.147009s delay=1.300008s
[2025-10-16 18:03:58.774561][icp_odometry-3][STDERR] [WARN] [1760605438.773751908] [icp_odometry]: Odometry lost! Odometry will be reset after next 1 consecutive unsuccessful odometry updates...
[2025-10-16 18:03:58.782796][icp_odometry-3][STDERR] [INFO] [1760605438.782337499] [icp_odometry]: Odom: ratio=0.000000, std dev=0.000000m|0.000000rad, update time=0.250409s delay=1.424998s
[2025-10-16 18:04:00.585228][icp_odometry-3][STDERR] [WARN] [1760605440.584874701] [icp_odometry]: Odometry automatically reset to latest computed pose!
[2025-10-16 18:04:00.593657][icp_odometry-3][STDERR] [INFO] [1760605440.593111494] [icp_odometry]: Odom: ratio=0.000000, std dev=0.000000m|0.000000rad, update time=0.895265s delay=2.049986s
[2025-10-16 18:04:00.845170][icp_odometry-3][STDERR] [INFO] [1760605440.844531925] [icp_odometry]: Odom: ratio=0.000000, std dev=99.995000m|99.995000rad, update time=0.015269s delay=1.150007s
[2025-10-16 18:04:00.856156][rtabmap_feedback_loop-6][STDERR] [WARN] [1760605440.855415718] [rtabmap_feedback_loop]: RTAB-Map 누적 맵 토픽(/rtabmap/map_data)이 135.9s 동안 업데이트되지 않았습니다. 그래프 최적화가 멈춘 것 같습니다.
[2025-10-16 18:04:00.856948][rtabmap_feedback_loop-6][STDERR] [ERROR] [1760605440.856263034] [rtabmap_feedback_loop]: 맵 정체가 지속되어 RTAB-Map 리셋을 요청합니다.
[2025-10-16 18:04:00.903066][rtabmap-4][STDERR] [INFO] [1760605440.902499771] [rtabmap]: rtabmap (2): Rate=1.00s, Limit=0.000s, Conversion=0.0021s, RTAB-Map=0.0540s, Maps update=0.0002s pub=0.0001s delay=1.2000s (local map=2, WM=2)
[2025-10-16 18:04:00.903815][rtabmap-4][STDERR] [INFO] [1760605440.903289967] [rtabmap]: rtabmap: Reset
[2025-10-16 18:04:01.052550][rtabmap_feedback_loop-6][STDERR] [INFO] [1760605441.051580938] [rtabmap_feedback_loop]: RTAB-Map 리셋 서비스를 성공적으로 호출했습니다.
[2025-10-16 18:04:02.147209][icp_odometry-3][STDERR] [WARN] [1760605442.146767852] [icp_odometry]: Odometry lost! Odometry will be reset after next 2 consecutive unsuccessful odometry updates...
[2025-10-16 18:04:02.154953][icp_odometry-3][STDERR] [INFO] [1760605442.153281359] [icp_odometry]: Odom: ratio=0.000000, std dev=0.000000m|0.000000rad, update time=0.183396s delay=1.325033s
[2025-10-16 18:04:03.350138][icp_odometry-3][STDERR] [WARN] [1760605443.349470596] [icp_odometry]: Odometry lost! Odometry will be reset after next 1 consecutive unsuccessful odometry updates...
[2025-10-16 18:04:03.358464][icp_odometry-3][STDERR] [INFO] [1760605443.357982758] [icp_odometry]: Odom: ratio=0.000000, std dev=0.000000m|0.000000rad, update time=0.187027s delay=1.399993s
[2025-10-16 18:04:04.914275][icp_odometry-3][STDERR] [WARN] [1760605444.913649735] [icp_odometry]: Odometry automatically reset to latest computed pose!
[2025-10-16 18:04:04.921907][icp_odometry-3][STDERR] [INFO] [1760605444.920913812] [icp_odometry]: Odom: ratio=0.000000, std dev=0.000000m|0.000000rad, update time=0.635985s delay=1.749774s
[2025-10-16 18:04:05.481134][icp_odometry-3][STDERR] [INFO] [1760605445.480567581] [icp_odometry]: Odom: ratio=0.000000, std dev=99.995000m|99.995000rad, update time=0.017424s delay=1.200023s
[2025-10-16 18:04:05.542186][rtabmap-4][STDERR] [INFO] [1760605445.541650417] [rtabmap]: rtabmap (1): Rate=1.00s, Limit=0.000s, Conversion=0.0015s, RTAB-Map=0.0582s, Maps update=0.0002s pub=0.0000s delay=1.2500s (local map=1, WM=1)
[2025-10-16 18:04:05.856965][rtabmap_feedback_loop-6][STDERR] [WARN] [1760605445.856551172] [rtabmap_feedback_loop]: RTAB-Map 누적 맵 토픽(/rtabmap/map_data)이 140.9s 동안 업데이트되지 않았습니다. 그래프 최적화가 멈춘 것 같습니다.
[2025-10-16 18:04:05.857739][rtabmap_feedback_loop-6][STDERR] [ERROR] [1760605445.857151002] [rtabmap_feedback_loop]: 맵 정체가 지속되어 RTAB-Map 리셋을 요청합니다.
[2025-10-16 18:04:05.858867][rtabmap-4][STDERR] [INFO] [1760605445.858280545] [rtabmap]: rtabmap: Reset
[2025-10-16 18:04:06.012986][rtabmap_feedback_loop-6][STDERR] [INFO] [1760605446.012632345] [rtabmap_feedback_loop]: RTAB-Map 리셋 서비스를 성공적으로 호출했습니다.
[2025-10-16 18:04:06.714245][icp_odometry-3][STDERR] [WARN] [1760605446.713409301] [icp_odometry]: Odometry lost! Odometry will be reset after next 2 consecutive unsuccessful odometry updates...
[2025-10-16 18:04:06.719851][icp_odometry-3][STDERR] [INFO] [1760605446.719325566] [icp_odometry]: Odom: ratio=0.000000, std dev=0.000000m|0.000000rad, update time=0.095881s delay=1.274993s
[2025-10-16 18:04:07.850250][icp_odometry-3][STDERR] [WARN] [1760605447.849724132] [icp_odometry]: Odometry lost! Odometry will be reset after next 1 consecutive unsuccessful odometry updates...
[2025-10-16 18:04:07.859358][icp_odometry-3][STDERR] [INFO] [1760605447.858868745] [icp_odometry]: Odom: ratio=0.000000, std dev=0.000000m|0.000000rad, update time=0.092569s delay=1.250009s
[2025-10-16 18:04:09.487976][icp_odometry-3][STDERR] [WARN] [1760605449.487472437] [icp_odometry]: Odometry automatically reset to latest computed pose!
[2025-10-16 18:04:09.494678][icp_odometry-3][STDERR] [INFO] [1760605449.493613548] [icp_odometry]: Odom: ratio=0.000000, std dev=0.000000m|0.000000rad, update time=0.612968s delay=1.750012s
[2025-10-16 18:04:09.689154][rtabmap-4][STDOUT]  at time 1727155760.358050, when looking up transform from frame [base_link] to frame [odom] (wait_for_transform=0.200000)[0m
[2025-10-16 18:04:09.689154][rtabmap-4][STDOUT] [33m[ WARN] (2025-10-16 18:03:52.179) MsgConversion.cpp:2010::getTransform() (getting transform odom -> base_link) Lookup would require extrapolation into the future.  Requested time 1727155765.957863 but the latest data is at time 1727155764.832875, when looking up transform from frame [base_link] to frame [odom] (wait_for_transform=0.200000)[0m
[2025-10-16 18:04:09.689154][rtabmap-4][STDOUT] [33m[ WARN] (2025-10-16 18:03:53.207) MsgConversion.cpp:2010::getTransform() (getting transform odom -> base_link) Lookup would require extrapolation into the future.  Requested time 1727155767.057874 but the latest data is at time 1727155764.832875, when looking up transform from frame [base_link] to frame [odom] (wait_for_transform=0.200000)[0m
[2025-10-16 18:04:09.689154][rtabmap-4][STDOUT] [33m[ WARN] (2025-10-16 18:03:55.583) MsgConversion.cpp:2010::getTransform() (getting transform odom -> base_link) Lookup would require extrapolation into the future.  Requested time 1727155768.183029 but the latest data is at time 1727155764.832875, when looking up transform from frame [base_link] to frame [odom] (wait_for_transform=0.200000)[0m
[2025-10-16 18:04:09.689154][rtabmap-4][STDOUT] [33m[ WARN] (2025-10-16 18:03:57.708) MsgConversion.cpp:2010::getTransform() (getting transform odom -> base_link) Lookup would require extrapolation into the future.  Requested time 1727155771.632888 but the latest data is at time 1727155770.532885, when looking up transform from frame [base_link] to frame [odom] (wait_for_transform=0.200000)[0m
[2025-10-16 18:04:09.689154][rtabmap-4][STDOUT] [33m[ WARN] (2025-10-16 18:03:58.986) MsgConversion.cpp:2010::getTransform() (getting transform odom -> base_link) Lookup would require extrapolation into the future.  Requested time 1727155772.782902 but the latest data is at time 1727155770.532885, when looking up transform from frame [base_link] to frame [odom] (wait_for_transform=0.200000)[0m
[2025-10-16 18:04:09.689154][rtabmap-4][STDOUT] [33m[ WARN] (2025-10-16 18:04:00.786) MsgConversion.cpp:2010::getTransform() (getting transform odom -> base_link) Lookup would require extrapolation into the future.  Requested time 1727155773.957919 but the latest data is at time 1727155770.532885, when looking up transform from frame [base_link] to frame [odom] (wait_for_transform=0.200000)[0m
[2025-10-16 18:04:09.689154][rtabmap-4][STDOUT] [33m[ WARN] (2025-10-16 18:04:02.356) MsgConversion.cpp:2010::getTransform() (getting transform odom -> base_link) Lookup would require extrapolation into the future.  Requested time 1727155776.232913 but the latest data is at time 1727155775.107903, when looking up transform from frame [base_link] to frame [odom] (wait_for_transform=0.200000)[0m
[2025-10-16 18:04:09.689154][rtabmap-4][STDOUT] [33m[ WARN] (2025-10-16 18:04:03.562) MsgConversion.cpp:2010::getTransform() (getting transform odom -> base_link) Lookup would require extrapolation into the future.  Requested time 1727155777.382919 but the latest data is at time 1727155775.107903, when looking up transform from frame [base_link] to frame [odom] (wait_for_transform=0.200000)[0m
[2025-10-16 18:04:09.689154][rtabmap-4][STDOUT] [33m[ WARN] (2025-10-16 18:04:05.105) MsgConversion.cpp:2010::getTransform() (getting transform odom -> base_link) Lookup would require extrapolation into the future.  Requested time 1727155778.583155 but the latest data is at time 1727155775.107903, when looking up transform from frame [base_link] to frame [odom] (wait_for_transform=0.200000)[0m
[2025-10-16 18:04:09.689154][rtabmap-4][STDOUT] [33m[ WARN] (2025-10-16 18:04:06.904) MsgConversion.cpp:2010::getTransform() (getting transform odom -> base_link) Lookup would require extrapolation into the future.  Requested time 1727155780.857947 but the latest data is at time 1727155779.707930, when looking up transform from frame [base_link] to frame [odom] (wait_for_transform=0.200000)[0m
[2025-10-16 18:04:09.689154][rtabmap-4][STDOUT] [33m[ WARN] (2025-10-16 18:04:08.064) MsgConversion.cpp:2010::getTransform() (getting transform odom -> base_link) Lookup would require extrapolation into the future.  Requested time 1727155782.032937 but the latest data is at time 1727155779.707930, when looking up transform from frame [base_link] to frame [odom] (wait_for_transform=0.200000)[0m
[2025-10-16 18:04:09.689154][rtabmap-4][STDOUT] [33m[ WARN] (2025-10-16 18:04:09.688) MsgConversion.cpp:2010::getTransform() (getting transform
[2025-10-16 18:04:10.082488][icp_odometry-3][STDERR] [INFO] [1760605450.082081862] [icp_odometry]: Odom: ratio=0.000000, std dev=99.995000m|99.995000rad, update time=0.014102s delay=1.200012s
[2025-10-16 18:04:10.135375][rtabmap-4][STDERR] [INFO] [1760605450.134855252] [rtabmap]: rtabmap (1): Rate=1.00s, Limit=0.000s, Conversion=0.0012s, RTAB-Map=0.0501s, Maps update=0.0002s pub=0.0001s delay=1.2500s (local map=1, WM=1)
[2025-10-16 18:04:11.274514][icp_odometry-3][STDERR] [WARN] [1760605451.273854109] [icp_odometry]: Odometry lost! Odometry will be reset after next 2 consecutive unsuccessful odometry updates...
[2025-10-16 18:04:11.281355][icp_odometry-3][STDERR] [INFO] [1760605451.280785089] [icp_odometry]: Odom: ratio=0.000000, std dev=0.000000m|0.000000rad, update time=0.089267s delay=1.244412s
[2025-10-16 18:04:11.856502][rtabmap_feedback_loop-6][STDERR] [WARN] [1760605451.855801665] [rtabmap_feedback_loop]: RTAB-Map 누적 맵 토픽(/rtabmap/map_data)이 146.9s 동안 업데이트되지 않았습니다. 그래프 최적화가 멈춘 것 같습니다.
[2025-10-16 18:04:11.857304][rtabmap_feedback_loop-6][STDERR] [ERROR] [1760605451.856571499] [rtabmap_feedback_loop]: 맵 정체가 지속되어 RTAB-Map 리셋을 요청합니다.
[2025-10-16 18:04:11.858334][rtabmap-4][STDERR] [INFO] [1760605451.857177498] [rtabmap]: rtabmap: Reset
[2025-10-16 18:04:12.014811][rtabmap_feedback_loop-6][STDERR] [INFO] [1760605452.014380766] [rtabmap_feedback_loop]: RTAB-Map 리셋 서비스를 성공적으로 호출했습니다.
[2025-10-16 18:04:12.511854][icp_odometry-3][STDERR] [WARN] [1760605452.511388181] [icp_odometry]: Odometry lost! Odometry will be reset after next 1 consecutive unsuccessful odometry updates...
[2025-10-16 18:04:12.517170][icp_odometry-3][STDERR] [INFO] [1760605452.516728242] [icp_odometry]: Odom: ratio=0.000000, std dev=0.000000m|0.000000rad, update time=0.109195s delay=1.325291s
[2025-10-16 18:04:13.626286][icp_odometry-3][STDOUT] 60) OdometryF2M.cpp:622::computeTransform() Registration failed: "libpointmatcher has failed: limit out of bounds: rot: 0.00594192/1 tr: 0.360848/0.35"[0m
[2025-10-16 18:04:13.626286][icp_odometry-3][STDOUT] [33m[ WARN] (2025-10-16 18:03:52.989) OdometryF2M.cpp:622::computeTransform() Registration failed: "libpointmatcher has failed: limit out of bounds: rot: 0.0162592/1 tr: 0.359705/0.35"[0m
[2025-10-16 18:04:13.626286][icp_odometry-3][STDOUT] [33m[ WARN] (2025-10-16 18:03:54.841) OdometryF2M.cpp:622::computeTransform() Registration failed: "Cannot compute transform (cor=1182 corrRatio=0.018913/0.070000 maxLaserScans=62496)"[0m
[2025-10-16 18:04:13.626286][icp_odometry-3][STDOUT] [33m[ WARN] (2025-10-16 18:03:55.354) MsgConversion.cpp:2010::getTransform() (getting transform odom -> base_link) Lookup would require extrapolation into the future.  Requested time 1727155768.183029 but the latest data is at time 1727155764.832875, when looking up transform from frame [base_link] to frame [odom] (wait_for_transform=0.500000)[0m
[2025-10-16 18:04:13.626286][icp_odometry-3][STDOUT] [33m[ WARN] (2025-10-16 18:03:57.514) OdometryF2M.cpp:622::computeTransform() Registration failed: "libpointmatcher has failed: limit out of bounds: rot: 0.0191189/1 tr: 0.382189/0.35"[0m
[2025-10-16 18:04:13.626286][icp_odometry-3][STDOUT] [33m[ WARN] (2025-10-16 18:03:58.773) OdometryF2M.cpp:622::computeTransform() Registration failed: "libpointmatcher has failed: limit out of bounds: rot: 0.0270553/1 tr: 0.367157/0.35"[0m
[2025-10-16 18:04:13.626286][icp_odometry-3][STDOUT] [33m[ WARN] (2025-10-16 18:04:00.056) OdometryF2M.cpp:622::computeTransform() Registration failed: "libpointmatcher has failed: limit out of bounds: rot: 0.0331977/1 tr: 0.352941/0.35"[0m
[2025-10-16 18:04:13.626286][icp_odometry-3][STDOUT] [33m[ WARN] (2025-10-16 18:04:00.584) MsgConversion.cpp:2010::getTransform() (getting transform odom -> base_link) Lookup would require extrapolation into the future.  Requested time 1727155773.957919 but the latest data is at time 1727155770.532885, when looking up transform from frame [base_link] to frame [odom] (wait_for_transform=0.500000)[0m
[2025-10-16 18:04:13.626286][icp_odometry-3][STDOUT] [33m[ WARN] (2025-10-16 18:04:02.146) OdometryF2M.cpp:622::computeTransform() Registration failed: "libpointmatcher has failed: limit out of bounds: rot: 0.0201417/1 tr: 0.35221/0.35"[0m
[2025-10-16 18:04:13.626286][icp_odometry-3][STDOUT] [33m[ WARN] (2025-10-16 18:04:03.349) OdometryF2M.cpp:622::computeTransform() Registration failed: "libpointmatcher has failed: limit out of bounds: rot: 0.0311977/1 tr: 0.40645/0.35"[0m
[2025-10-16 18:04:13.626286][icp_odometry-3][STDOUT] [33m[ WARN] (2025-10-16 18:04:04.392) OdometryF2M.cpp:622::computeTransform() Registration failed: "libpointmatcher has failed: limit out of bounds: rot: 0.0381066/1 tr: 0.389475/0.35"[0m
[2025-10-16 18:04:13.626286][icp_odometry-3][STDOUT] [33m[ WARN] (2025-10-16 18:04:04.913) MsgConversion.cpp:2010::getTransform() (getting transform odom -> base_link) Lookup would require extrapolation into the future.  Requested time 1727155778.583155 but the latest data is at time 1727155775.107903, when looking up transform from frame [base_link] to frame [odom] (wait_for_transform=0.500000)[0m
[2025-10-16 18:04:13.626286][icp_odometry-3][STDOUT] [33m[ WARN] (2025-10-16 18:04:06.713) OdometryF2M.cpp:622::computeTransform() Registration failed: "libpointmatcher has failed: limit out of bounds: rot: 0.0239469/1 tr: 0.399917/0.35"[0m
[2025-10-16 18:04:13.626286][icp_odometry-3][STDOUT] [33m[ WARN] (2025-10-16 18:04:07.849) OdometryF2M.cpp:622::computeTransform() Registration failed: "libpointmatcher has failed: limit out of bounds: rot: 0.0344356/1 tr: 0.374615/0.35"[0m
[2025-10-16 18:04:13.626286][icp_odometry-3][STDOUT] [33m[ WARN] (2025-10-16 18:04:08.960) OdometryF2M.cpp:622::computeTransform() Registration failed: "libpointmatcher has failed: limit out of bounds: rot: 0.00188186/1 tr: 0.440679/0.35"[0m
[2025-10-16 18:04:13.626286][icp_odometry-3][STDOUT] [33m[ WARN] (2025-10-16 18:04:09.487) MsgConversion.cpp:2010::getTransform() (getting transform odom -> base_link) Lookup would require extrapolation into the future.  Requested time 1727155783.157953 but the latest data is at time 1727155779.707930, when looking up transform from frame [base_link] to frame [odom] (wait_for_transform=0.500000)[0m
[2025-10-16 18:04:13.626286][icp_odometry-3][STDOUT] [33m[ WARN] (2025-10-16 18:04:11.273) OdometryF2M.cpp:622::computeTransform() Registration failed: "libpointmatcher has failed: limit out of bounds: rot: 0.032897/1 tr: 0.381199/0.35"[0m
[2025-10-16 18:04:13.626286][icp_odometry-3][STDOUT] [33m[ WARN] (2025-10-16 18:04:12.511) OdometryF2M.cpp:622::computeTransform() Registration failed: "libpointmatcher has failed: limit out of bounds: rot: 0.0211421/1 tr: 0.359246/0.35"[0m
[2025-10-16 18:04:13.626286][icp_odometry-3][STDOUT] [33m[ WARN] (2025-10-16 18:04:13.625) OdometryF2M
[2025-10-16 18:04:14.111393][icp_odometry-3][STDERR] [WARN] [1760605454.110954944] [icp_odometry]: Odometry automatically reset to latest computed pose!
[2025-10-16 18:04:14.117709][icp_odometry-3][STDERR] [INFO] [1760605454.117160223] [icp_odometry]: Odom: ratio=0.000000, std dev=0.000000m|0.000000rad, update time=0.570676s delay=1.700005s
[2025-10-16 18:04:14.718255][icp_odometry-3][STDERR] [INFO] [1760605454.717894706] [icp_odometry]: Odom: ratio=0.000000, std dev=99.995000m|99.995000rad, update time=0.011912s delay=1.175016s
[2025-10-16 18:04:14.891131][rtabmap-4][STDERR] [INFO] [1760605454.890377531] [rtabmap]: rtabmap (1): Rate=1.00s, Limit=0.000s, Conversion=0.0021s, RTAB-Map=0.0697s, Maps update=0.0002s pub=0.0000s delay=1.3500s (local map=1, WM=1)
[2025-10-16 18:04:16.396041][icp_odometry-3][STDERR] [WARN] [1760605456.395567941] [icp_odometry]: Odometry lost! Odometry will be reset after next 2 consecutive unsuccessful odometry updates...
[2025-10-16 18:04:16.402701][icp_odometry-3][STDERR] [INFO] [1760605456.401906149] [icp_odometry]: Odom: ratio=0.000000, std dev=0.000000m|0.000000rad, update time=0.537552s delay=1.700015s
[2025-10-16 18:04:17.119522][icp_odometry-3][STDERR] [WARN] [1760605457.118972563] [icp_odometry]: Odometry lost! Odometry will be reset after next 1 consecutive unsuccessful odometry updates...
[2025-10-16 18:04:17.126259][icp_odometry-3][STDERR] [INFO] [1760605457.125720745] [icp_odometry]: Odom: ratio=0.000000, std dev=0.000000m|0.000000rad, update time=0.090232s delay=1.249636s
[2025-10-16 18:04:17.855279][rtabmap_feedback_loop-6][STDERR] [WARN] [1760605457.854842182] [rtabmap_feedback_loop]: RTAB-Map 누적 맵 토픽(/rtabmap/map_data)이 152.9s 동안 업데이트되지 않았습니다. 그래프 최적화가 멈춘 것 같습니다.
[2025-10-16 18:04:17.856365][rtabmap_feedback_loop-6][STDERR] [ERROR] [1760605457.855614667] [rtabmap_feedback_loop]: 맵 정체가 지속되어 RTAB-Map 리셋을 요청합니다.
[2025-10-16 18:04:17.857024][rtabmap-4][STDERR] [INFO] [1760605457.856408034] [rtabmap]: rtabmap: Reset
[2025-10-16 18:04:18.007357][rtabmap_feedback_loop-6][STDERR] [INFO] [1760605458.007012339] [rtabmap_feedback_loop]: RTAB-Map 리셋 서비스를 성공적으로 호출했습니다.
[2025-10-16 18:04:18.834166][icp_odometry-3][STDERR] [WARN] [1760605458.833660394] [icp_odometry]: Odometry automatically reset to latest computed pose!
[2025-10-16 18:04:18.842703][icp_odometry-3][STDERR] [INFO] [1760605458.841734487] [icp_odometry]: Odom: ratio=0.000000, std dev=0.000000m|0.000000rad, update time=0.624551s delay=1.799990s
[2025-10-16 18:04:19.316089][icp_odometry-3][STDERR] [INFO] [1760605459.315646833] [icp_odometry]: Odom: ratio=0.000000, std dev=99.995000m|99.995000rad, update time=0.013015s delay=1.125020s
[2025-10-16 18:04:19.374697][rtabmap-4][STDERR] [INFO] [1760605459.374085990] [rtabmap]: rtabmap (1): Rate=1.00s, Limit=0.000s, Conversion=0.0015s, RTAB-Map=0.0536s, Maps update=0.0002s pub=0.0000s delay=1.1750s (local map=1, WM=1)
[2025-10-16 18:04:20.647949][icp_odometry-3][STDERR] [WARN] [1760605460.646125503] [icp_odometry]: Odometry lost! Odometry will be reset after next 2 consecutive unsuccessful odometry updates...
[2025-10-16 18:04:20.653064][icp_odometry-3][STDERR] [INFO] [1760605460.652541562] [icp_odometry]: Odom: ratio=0.000000, std dev=0.000000m|0.000000rad, update time=0.178137s delay=1.350009s
[2025-10-16 18:04:21.701274][icp_odometry-3][STDERR] [WARN] [1760605461.700711008] [icp_odometry]: Odometry lost! Odometry will be reset after next 1 consecutive unsuccessful odometry updates...
[2025-10-16 18:04:21.708110][icp_odometry-3][STDERR] [INFO] [1760605461.707502175] [icp_odometry]: Odom: ratio=0.000000, std dev=0.000000m|0.000000rad, update time=0.094718s delay=1.249993s
[2025-10-16 18:04:22.855283][rtabmap_feedback_loop-6][STDERR] [WARN] [1760605462.854790424] [rtabmap_feedback_loop]: RTAB-Map 누적 맵 토픽(/rtabmap/map_data)이 157.9s 동안 업데이트되지 않았습니다. 그래프 최적화가 멈춘 것 같습니다.
[2025-10-16 18:04:22.855858][rtabmap_feedback_loop-6][STDERR] [ERROR] [1760605462.855488885] [rtabmap_feedback_loop]: 맵 정체가 지속되어 RTAB-Map 리셋을 요청합니다.
[2025-10-16 18:04:22.857023][rtabmap-4][STDERR] [INFO] [1760605462.856434965] [rtabmap]: rtabmap: Reset
[2025-10-16 18:04:23.005389][rtabmap_feedback_loop-6][STDERR] [INFO] [1760605463.004978239] [rtabmap_feedback_loop]: RTAB-Map 리셋 서비스를 성공적으로 호출했습니다.
[2025-10-16 18:04:23.308109][icp_odometry-3][STDERR] [WARN] [1760605463.307497891] [icp_odometry]: Odometry automatically reset to latest computed pose!
[2025-10-16 18:04:23.315692][icp_odometry-3][STDERR] [INFO] [1760605463.315143061] [icp_odometry]: Odom: ratio=0.000000, std dev=0.000000m|0.000000rad, update time=0.630697s delay=1.725022s
[2025-10-16 18:04:23.870651][icp_odometry-3][STDERR] [INFO] [1760605463.869631039] [icp_odometry]: Odom: ratio=0.000000, std dev=99.995000m|99.995000rad, update time=0.020219s delay=1.175383s
[2025-10-16 18:04:23.941004][rtabmap-4][STDERR] [INFO] [1760605463.939868248] [rtabmap]: rtabmap (1): Rate=1.00s, Limit=0.000s, Conversion=0.0023s, RTAB-Map=0.0647s, Maps update=0.0004s pub=0.0001s delay=1.2500s (local map=1, WM=1)
[2025-10-16 18:04:25.110335][icp_odometry-3][STDERR] [WARN] [1760605465.109521404] [icp_odometry]: Odometry lost! Odometry will be reset after next 2 consecutive unsuccessful odometry updates...
[2025-10-16 18:04:25.115849][icp_odometry-3][STDERR] [INFO] [1760605465.115254741] [icp_odometry]: Odom: ratio=0.000000, std dev=0.000000m|0.000000rad, update time=0.123805s delay=1.249606s
[2025-10-16 18:04:27.319958][icp_odometry-3][STDERR] [INFO] [1760605467.319483306] [icp_odometry]: Odom: ratio=0.240380, std dev=0.030896m|0.009770rad, update time=1.194192s delay=2.350014s
[2025-10-16 18:04:27.385491][rtabmap-4][STDERR] [INFO] [1760605467.384979299] [rtabmap]: rtabmap (2): Rate=1.00s, Limit=0.000s, Conversion=0.0012s, RTAB-Map=0.0626s, Maps update=0.0001s pub=0.0000s delay=2.4250s (local map=2, WM=2)
[2025-10-16 18:04:27.855814][rtabmap_feedback_loop-6][STDERR] [WARN] [1760605467.855265904] [rtabmap_feedback_loop]: RTAB-Map 누적 맵 토픽(/rtabmap/map_data)이 162.9s 동안 업데이트되지 않았습니다. 그래프 최적화가 멈춘 것 같습니다.
[2025-10-16 18:04:27.856669][rtabmap_feedback_loop-6][STDERR] [ERROR] [1760605467.855938779] [rtabmap_feedback_loop]: 맵 정체가 지속되어 RTAB-Map 리셋을 요청합니다.
[2025-10-16 18:04:27.857321][rtabmap-4][STDERR] [INFO] [1760605467.856466502] [rtabmap]: rtabmap: Reset
[2025-10-16 18:04:28.005837][rtabmap_feedback_loop-6][STDERR] [INFO] [1760605468.005429258] [rtabmap_feedback_loop]: RTAB-Map 리셋 서비스를 성공적으로 호출했습니다.
[2025-10-16 18:04:29.404563][icp_odometry-3][STDERR] [INFO] [1760605469.404097796] [icp_odometry]: Odom: ratio=0.197452, std dev=0.024815m|0.007847rad, update time=0.960248s delay=2.125016s
[2025-10-16 18:04:29.470697][rtabmap-4][STDERR] [INFO] [1760605469.470223381] [rtabmap]: rtabmap (1): Rate=1.00s, Limit=0.000s, Conversion=0.0014s, RTAB-Map=0.0619s, Maps update=0.0002s pub=0.0000s delay=2.1750s (local map=1, WM=1)
[2025-10-16 18:04:30.348337][icp_odometry-3][STDERR] [INFO] [1760605470.347736287] [icp_odometry]: Odom: ratio=0.777623, std dev=0.021461m|0.006787rad, update time=0.759040s delay=1.950008s
[2025-10-16 18:04:30.515551][rtabmap-4][STDERR] [INFO] [1760605470.514598008] [rtabmap]: rtabmap (2): Rate=1.00s, Limit=0.000s, Conversion=0.0018s, RTAB-Map=0.0585s, Maps update=0.0001s pub=0.0000s delay=2.1253s (local map=2, WM=2)
[2025-10-16 18:04:31.855495][icp_odometry-3][STDERR] [INFO] [1760605471.850800506] [icp_odometry]: Odom: ratio=0.717769, std dev=0.022576m|0.007139rad, update time=1.079015s delay=2.250022s
[2025-10-16 18:04:32.145751][rtabmap-4][STDERR] [INFO] [1760605472.144690004] [rtabmap]: rtabmap (3): Rate=1.00s, Limit=0.000s, Conversion=0.0035s, RTAB-Map=0.0740s, Maps update=0.0002s pub=0.0001s delay=2.5500s (local map=3, WM=3)
[2025-10-16 18:04:32.859461][rtabmap_feedback_loop-6][STDERR] [WARN] [1760605472.856648912] [rtabmap_feedback_loop]: RTAB-Map 누적 맵 토픽(/rtabmap/map_data)이 167.9s 동안 업데이트되지 않았습니다. 그래프 최적화가 멈춘 것 같습니다.
[2025-10-16 18:04:32.859461][rtabmap_feedback_loop-6][STDERR] [ERROR] [1760605472.857639789] [rtabmap_feedback_loop]: 맵 정체가 지속되어 RTAB-Map 리셋을 요청합니다.
[2025-10-16 18:04:32.865850][rtabmap-4][STDERR] [INFO] [1760605472.865287871] [rtabmap]: rtabmap: Reset
[2025-10-16 18:04:33.078908][rtabmap_feedback_loop-6][STDERR] [INFO] [1760605473.068983424] [rtabmap_feedback_loop]: RTAB-Map 리셋 서비스를 성공적으로 호출했습니다.
[2025-10-16 18:04:33.093493][icp_odometry-3][STDERR] [INFO] [1760605473.091672193] [icp_odometry]: Odom: ratio=0.631430, std dev=0.022826m|0.007218rad, update time=1.116154s delay=2.378165s
[2025-10-16 18:04:33.274506][rtabmap-4][STDERR] [INFO] [1760605473.273686874] [rtabmap]: rtabmap (1): Rate=1.00s, Limit=0.000s, Conversion=0.0009s, RTAB-Map=0.0738s, Maps update=0.0002s pub=0.0000s delay=2.5500s (local map=1, WM=1)
[2025-10-16 18:04:34.310580][icp_odometry-3][STDERR] [INFO] [1760605474.310097081] [icp_odometry]: Odom: ratio=0.587233, std dev=0.023096m|0.007304rad, update time=1.149826s delay=2.399966s
[2025-10-16 18:04:34.366294][rtabmap-4][STDERR] [INFO] [1760605474.365782965] [rtabmap]: rtabmap (2): Rate=1.00s, Limit=0.000s, Conversion=0.0012s, RTAB-Map=0.0531s, Maps update=0.0001s pub=0.0000s delay=2.4500s (local map=2, WM=2)
[2025-10-16 18:04:34.982062][rtabmap-4][STDERR] [WARN] [1760605474.981164020] [tf2_buffer]: Detected jump back in time. Clearing TF buffer.
[2025-10-16 18:04:34.985135][icp_odometry-3][STDERR] [WARN] [1760605474.981889359] [tf2_buffer]: Detected jump back in time. Clearing TF buffer.
[2025-10-16 18:04:34.985645][time_jump_reset-5][STDERR] [WARN] [1760605474.984894578] [time_jump_reset]: 시뮬레이션 시간이 73.103s 만큼 과거로 이동했습니다. 리셋 시퀀스를 시작합니다.
[2025-10-16 18:04:34.987451][time_jump_reset-5][STDERR] [INFO] [1760605474.985957272] [time_jump_reset]: 1/3: 노드들을 비활성화합니다.
[2025-10-16 18:04:34.988633][icp_odometry-3][STDERR] [INFO] [1760605474.988043556] [icp_odometry]: Lifecycle 상태가 'inactive'로 전환되었습니다.
[2025-10-16 18:04:35.022434][rtabmap-4][STDERR] [INFO] [1760605475.021090504] [rtabmap]: rtabmap: Lifecycle 상태가 'inactive'로 전환되었습니다.
[2025-10-16 18:04:35.028659][rtabmap-4][STDERR] [INFO] [1760605475.024251921] [rtabmap]: Parameters event received!
[2025-10-16 18:04:35.028659][rtabmap-4][STDERR] [INFO] [1760605475.024334524] [rtabmap]: rtabmap: Updating parameters
[2025-10-16 18:04:35.028659][rtabmap-4][STDERR] [INFO] [1760605475.024382056] [rtabmap]: RTAB-Map rate detection = 1.000000 Hz
[2025-10-16 18:04:35.036507][time_jump_reset-5][STDERR] [INFO] [1760605475.035742098] [time_jump_reset]: 2/3: 노드들의 상태를 리셋합니다.
[2025-10-16 18:04:35.059810][time_jump_reset-5][STDERR] [INFO] [1760605475.058504367] [time_jump_reset]: /clock 토픽 수신 시작. SLAM 시스템을 활성화합니다.
[2025-10-16 18:04:35.197548][icp_odometry-3][STDERR] [WARN] [1760605475.196906037] [icp_odometry]: icp_odometry: Detected time jump in the past of 72.255738 sec, forcing diagnostic update.
[2025-10-16 18:04:38.010945][rtabmap_feedback_loop-6][STDERR] [WARN] [1760605478.005645869] [rtabmap_feedback_loop]: ICP Odometry 토픽(/odom)이 3.7s 동안 갱신되지 않았습니다. 추정이 멈춘 것으로 판단합니다.
[2025-10-16 18:04:38.012068][rtabmap_feedback_loop-6][STDERR] [WARN] [1760605478.009341510] [rtabmap_feedback_loop]: RTAB-Map 누적 맵 토픽(/rtabmap/map_data)이 173.0s 동안 업데이트되지 않았습니다. 그래프 최적화가 멈춘 것 같습니다.
[2025-10-16 18:04:38.014803][rtabmap_feedback_loop-6][STDERR] [ERROR] [1760605478.012637026] [rtabmap_feedback_loop]: 맵 정체가 지속되어 RTAB-Map 리셋을 요청합니다.
[2025-10-16 18:04:38.018082][rtabmap-4][STDERR] [INFO] [1760605478.013060683] [rtabmap]: rtabmap: Reset
[2025-10-16 18:04:38.180644][rtabmap_feedback_loop-6][STDERR] [INFO] [1760605478.179684804] [rtabmap_feedback_loop]: RTAB-Map 리셋 서비스를 성공적으로 호출했습니다.
[2025-10-16 18:04:40.045075][time_jump_reset-5][STDERR] [ERROR] [1760605480.044526174] [time_jump_reset]: /icp_odometry/reset_odom 리셋 서비스를 사용할 수 없습니다.
[2025-10-16 18:04:40.045683][rtabmap-4][STDERR] [INFO] [1760605480.045172405] [rtabmap]: rtabmap: Reset
[2025-10-16 18:04:40.212601][time_jump_reset-5][STDERR] [INFO] [1760605480.212184844] [time_jump_reset]: 3/3: 노드들을 다시 활성화합니다.
[2025-10-16 18:04:40.213678][icp_odometry-3][STDERR] [INFO] [1760605480.213236325] [icp_odometry]: Lifecycle 상태가 'active'로 전환되었습니다.
[2025-10-16 18:04:40.216552][rtabmap-4][STDERR] [INFO] [1760605480.216106778] [rtabmap]: rtabmap: Lifecycle 상태가 'active'로 전환되었습니다.
[2025-10-16 18:04:40.217163][rtabmap-4][STDERR] [INFO] [1760605480.216805272] [rtabmap]: Parameters event received!
[2025-10-16 18:04:40.217163][rtabmap-4][STDERR] [INFO] [1760605480.216849747] [rtabmap]: rtabmap: Updating parameters
[2025-10-16 18:04:40.218339][rtabmap-4][STDERR] [INFO] [1760605480.216882328] [rtabmap]: RTAB-Map rate detection = 1.000000 Hz
[2025-10-16 18:04:40.219115][time_jump_reset-5][STDERR] [WARN] [1760605480.218815241] [time_jump_reset]: 리셋 시퀀스가 완료되었습니다.
[2025-10-16 18:04:41.076737][icp_odometry-3][STDERR] [WARN] [1760605481.075761418] [icp_odometry]: Odometry: Detected jump back in time of 65.230695 sec. Odometry is automatically reset to latest computed pose!
[2025-10-16 18:04:41.077504][icp_odometry-3][STDERR] [WARN] [1760605481.076055159] [icp_odometry]: Odometry: Restarting with frame: 1727155742.202396 (clock previous=1727155808.583109, new=1727155743.352414)
[2025-10-16 18:04:41.087328][rtabmap_feedback_loop-6][STDERR] [INFO] [1760605481.086238671] [rtabmap_feedback_loop]: ICP Odometry 토픽(/odom) 수신이 3.1s 만에 복구되었습니다.
[2025-10-16 18:04:41.090616][rtabmap_feedback_loop-6][STDERR] [INFO] [1760605481.087126495] [rtabmap_feedback_loop]: ICP Odometry가 3.1s 정지 후 정상화되었습니다.
[2025-10-16 18:04:41.091722][icp_odometry-3][STDERR] [INFO] [1760605481.091167401] [icp_odometry]: Odom: ratio=0.000000, std dev=99.995000m|99.995000rad, update time=0.015042s delay=1.175004s
[2025-10-16 18:04:43.156028][icp_odometry-3][STDERR] [INFO] [1760605483.155568396] [icp_odometry]: Odom: ratio=0.652141, std dev=0.017986m|0.005688rad, update time=0.902182s delay=2.074979s
[2025-10-16 18:04:44.006485][rtabmap_feedback_loop-6][STDERR] [WARN] [1760605484.006071724] [rtabmap_feedback_loop]: RTAB-Map 누적 맵 토픽(/rtabmap/map_data)이 179.0s 동안 업데이트되지 않았습니다. 그래프 최적화가 멈춘 것 같습니다.
[2025-10-16 18:04:44.006965][rtabmap_feedback_loop-6][STDERR] [ERROR] [1760605484.006632671] [rtabmap_feedback_loop]: 맵 정체가 지속되어 RTAB-Map 리셋을 요청합니다.
[2025-10-16 18:04:44.007315][rtabmap-4][STDERR] [INFO] [1760605484.007011202] [rtabmap]: rtabmap: Reset
[2025-10-16 18:04:44.041880][icp_odometry-3][STDERR] [INFO] [1760605484.041451378] [icp_odometry]: Odom: ratio=0.609687, std dev=0.014885m|0.004707rad, update time=0.605817s delay=1.824985s
[2025-10-16 18:04:44.198042][rtabmap_feedback_loop-6][STDERR] [INFO] [1760605484.196836599] [rtabmap_feedback_loop]: RTAB-Map 리셋 서비스를 성공적으로 호출했습니다.
[2025-10-16 18:04:45.362265][icp_odometry-3][STDERR] [INFO] [1760605485.361761944] [icp_odometry]: Odom: ratio=0.415851, std dev=0.025016m|0.007911rad, update time=0.762997s delay=1.924598s
[2025-10-16 18:04:46.340804][icp_odometry-3][STDERR] [WARN] [1760605486.340139989] [icp_odometry]: Odometry lost! Odometry will be reset after next 2 consecutive unsuccessful odometry updates...
[2025-10-16 18:04:46.347667][icp_odometry-3][STDERR] [INFO] [1760605486.347142293] [icp_odometry]: Odom: ratio=0.023730, std dev=0.000000m|0.000000rad, update time=0.583055s delay=1.749990s
[2025-10-16 18:04:46.929819][icp_odometry-3][STDERR] [WARN] [1760605486.929401588] [icp_odometry]: Odometry lost! Odometry will be reset after next 1 consecutive unsuccessful odometry updates...
[2025-10-16 18:04:46.936311][icp_odometry-3][STDERR] [INFO] [1760605486.935657168] [icp_odometry]: Odom: ratio=0.000000, std dev=0.000000m|0.000000rad, update time=0.006393s delay=1.174981s
[2025-10-16 18:04:47.036596][rtabmap-4][STDERR] [WARN] [1760605487.036101674] [rtabmap]: rtabmap: Detected time jump in the past of 60.455661 sec, forcing diagnostic update.
[2025-10-16 18:04:47.260245][rtabmap-4][STDOUT]  odom -> base_link) Lookup would require extrapolation into the future.  Requested time 1727155783.157953 but the latest data is at time 1727155779.707930, when looking up transform from frame [base_link] to frame [odom] (wait_for_transform=0.200000)[0m
[2025-10-16 18:04:47.260245][rtabmap-4][STDOUT] [33m[ WARN] (2025-10-16 18:04:11.504) MsgConversion.cpp:2010::getTransform() (getting transform odom -> base_link) Lookup would require extrapolation into the future.  Requested time 1727155785.463563 but the latest data is at time 1727155784.307954, when looking up transform from frame [base_link] to frame [odom] (wait_for_transform=0.200000)[0m
[2025-10-16 18:04:47.260245][rtabmap-4][STDOUT] [33m[ WARN] (2025-10-16 18:04:12.731) MsgConversion.cpp:2010::getTransform() (getting transform odom -> base_link) Lookup would require extrapolation into the future.  Requested time 1727155786.607966 but the latest data is at time 1727155784.307954, when looking up transform from frame [base_link] to frame [odom] (wait_for_transform=0.200000)[0m
[2025-10-16 18:04:47.260245][rtabmap-4][STDOUT] [33m[ WARN] (2025-10-16 18:04:14.310) MsgConversion.cpp:2010::getTransform() (getting transform odom -> base_link) Lookup would require extrapolation into the future.  Requested time 1727155787.832967 but the latest data is at time 1727155784.307954, when looking up transform from frame [base_link] to frame [odom] (wait_for_transform=0.200000)[0m
[2025-10-16 18:04:47.260245][rtabmap-4][STDOUT] [33m[ WARN] (2025-10-16 18:04:16.683) MsgConversion.cpp:2010::getTransform() (getting transform odom -> base_link) Lookup would require extrapolation into the future.  Requested time 1727155790.107995 but the latest data is at time 1727155788.957969, when looking up transform from frame [base_link] to frame [odom] (wait_for_transform=0.200000)[0m
[2025-10-16 18:04:47.260245][rtabmap-4][STDOUT] [33m[ WARN] (2025-10-16 18:04:17.309) MsgConversion.cpp:2010::getTransform() (getting transform odom -> base_link) Lookup would require extrapolation into the future.  Requested time 1727155791.283361 but the latest data is at time 1727155788.957969, when looking up transform from frame [base_link] to frame [odom] (wait_for_transform=0.200000)[0m
[2025-10-16 18:04:47.260245][rtabmap-4][STDOUT] [33m[ WARN] (2025-10-16 18:04:19.035) MsgConversion.cpp:2010::getTransform() (getting transform odom -> base_link) Lookup would require extrapolation into the future.  Requested time 1727155792.458006 but the latest data is at time 1727155788.957969, when looking up transform from frame [base_link] to frame [odom] (wait_for_transform=0.200000)[0m
[2025-10-16 18:04:47.260245][rtabmap-4][STDOUT] [33m[ WARN] (2025-10-16 18:04:20.879) MsgConversion.cpp:2010::getTransform() (getting transform odom -> base_link) Lookup would require extrapolation into the future.  Requested time 1727155794.708014 but the latest data is at time 1727155793.607994, when looking up transform from frame [base_link] to frame [odom] (wait_for_transform=0.200000)[0m
[2025-10-16 18:04:47.260245][rtabmap-4][STDOUT] [33m[ WARN] (2025-10-16 18:04:21.913) MsgConversion.cpp:2010::getTransform() (getting transform odom -> base_link) Lookup would require extrapolation into the future.  Requested time 1727155795.883022 but the latest data is at time 1727155793.607994, when looking up transform from frame [base_link] to frame [odom] (wait_for_transform=0.200000)[0m
[2025-10-16 18:04:47.260245][rtabmap-4][STDOUT] [33m[ WARN] (2025-10-16 18:04:23.508) MsgConversion.cpp:2010::getTransform() (getting transform odom -> base_link) Lookup would require extrapolation into the future.  Requested time 1727155797.008012 but the latest data is at time 1727155793.607994, when looking up transform from frame [base_link] to frame [odom] (wait_for_transform=0.200000)[0m
[2025-10-16 18:04:47.260245][rtabmap-4][STDOUT] [33m[ WARN] (2025-10-16 18:04:25.308) MsgConversion.cpp:2010::getTransform() (getting transform odom -> base_link) Lookup would require extrapolation into the future.  Requested time 1727155799.283431 but the latest data is at time 1727155798.108048, when looking up transform from frame [base_link] to frame [odom] (wait_for_transform=0.200000)[0m
[2025-10-16 18:04:47.260245][rtabmap-4][STDOUT] [33m[ WARN] (2025-10-16 18:04:47.259) MsgConversion.cpp:2010::getTransform() (getting transform odom -> base_link) Lookup would require extrapolation into the future.  Requested time 1727155748.052438 but the latest data is at time 1727155745.727827, when looking up transform from frame [base_link] to frame [odom] (wa
[2025-10-16 18:04:48.583291][icp_odometry-3][STDERR] [WARN] [1760605488.582763232] [icp_odometry]: Odometry automatically reset to latest computed pose!
[2025-10-16 18:04:48.590176][icp_odometry-3][STDERR] [INFO] [1760605488.589099587] [icp_odometry]: Odom: ratio=0.000000, std dev=0.000000m|0.000000rad, update time=0.512144s delay=1.650023s
[2025-10-16 18:04:49.251801][icp_odometry-3][STDERR] [INFO] [1760605489.251331706] [icp_odometry]: Odom: ratio=0.000000, std dev=99.995000m|99.995000rad, update time=0.012866s delay=1.149959s
[2025-10-16 18:04:49.312087][rtabmap-4][STDERR] [INFO] [1760605489.311667607] [rtabmap]: rtabmap (1): Rate=1.00s, Limit=0.000s, Conversion=0.0014s, RTAB-Map=0.0576s, Maps update=0.0001s pub=0.0000s delay=1.2250s (local map=1, WM=1)
[2025-10-16 18:04:50.005419][rtabmap_feedback_loop-6][STDERR] [WARN] [1760605490.005014934] [rtabmap_feedback_loop]: RTAB-Map 누적 맵 토픽(/rtabmap/map_data)이 185.0s 동안 업데이트되지 않았습니다. 그래프 최적화가 멈춘 것 같습니다.
[2025-10-16 18:04:50.006242][rtabmap_feedback_loop-6][STDERR] [ERROR] [1760605490.005759846] [rtabmap_feedback_loop]: 맵 정체가 지속되어 RTAB-Map 리셋을 요청합니다.
[2025-10-16 18:04:50.007442][rtabmap-4][STDERR] [INFO] [1760605490.006954535] [rtabmap]: rtabmap: Reset
[2025-10-16 18:04:50.157523][rtabmap_feedback_loop-6][STDERR] [INFO] [1760605490.156731402] [rtabmap_feedback_loop]: RTAB-Map 리셋 서비스를 성공적으로 호출했습니다.
[2025-10-16 18:04:50.502012][icp_odometry-3][STDERR] [WARN] [1760605490.501590229] [icp_odometry]: Odometry lost! Odometry will be reset after next 2 consecutive unsuccessful odometry updates...
[2025-10-16 18:04:50.508945][icp_odometry-3][STDERR] [INFO] [1760605490.508294687] [icp_odometry]: Odom: ratio=0.000000, std dev=0.000000m|0.000000rad, update time=0.133557s delay=1.299347s
[2025-10-16 18:04:51.668655][icp_odometry-3][STDOUT] .cpp:622::computeTransform() Registration failed: "libpointmatcher has failed: limit out of bounds: rot: 0.0247214/1 tr: 0.367856/0.35"[0m
[2025-10-16 18:04:51.668655][icp_odometry-3][STDOUT] [33m[ WARN] (2025-10-16 18:04:14.110) MsgConversion.cpp:2010::getTransform() (getting transform odom -> base_link) Lookup would require extrapolation into the future.  Requested time 1727155787.832967 but the latest data is at time 1727155784.307954, when looking up transform from frame [base_link] to frame [odom] (wait_for_transform=0.500000)[0m
[2025-10-16 18:04:51.668655][icp_odometry-3][STDOUT] [33m[ WARN] (2025-10-16 18:04:16.395) OdometryF2M.cpp:622::computeTransform() Registration failed: "Cannot compute transform (ICP correction too large -> 0.510507 m 0.031231 rad, limits=0.350000 m, 1.000000 rad)"[0m
[2025-10-16 18:04:51.668655][icp_odometry-3][STDOUT] [33m[ WARN] (2025-10-16 18:04:17.118) OdometryF2M.cpp:622::computeTransform() Registration failed: "libpointmatcher has failed: limit out of bounds: rot: 0.00971864/1 tr: 0.375707/0.35"[0m
[2025-10-16 18:04:51.668655][icp_odometry-3][STDOUT] [33m[ WARN] (2025-10-16 18:04:18.347) OdometryF2M.cpp:622::computeTransform() Registration failed: "libpointmatcher has failed: limit out of bounds: rot: 0.0117273/1 tr: 0.361325/0.35"[0m
[2025-10-16 18:04:51.668655][icp_odometry-3][STDOUT] [33m[ WARN] (2025-10-16 18:04:18.833) MsgConversion.cpp:2010::getTransform() (getting transform odom -> base_link) Lookup would require extrapolation into the future.  Requested time 1727155792.458006 but the latest data is at time 1727155788.957969, when looking up transform from frame [base_link] to frame [odom] (wait_for_transform=0.500000)[0m
[2025-10-16 18:04:51.668655][icp_odometry-3][STDOUT] [33m[ WARN] (2025-10-16 18:04:20.646) OdometryF2M.cpp:622::computeTransform() Registration failed: "libpointmatcher has failed: limit out of bounds: rot: 0.00520239/1 tr: 0.350067/0.35"[0m
[2025-10-16 18:04:51.668655][icp_odometry-3][STDOUT] [33m[ WARN] (2025-10-16 18:04:21.700) OdometryF2M.cpp:622::computeTransform() Registration failed: "libpointmatcher has failed: limit out of bounds: rot: 0.0086849/1 tr: 0.415416/0.35"[0m
[2025-10-16 18:04:51.668655][icp_odometry-3][STDOUT] [33m[ WARN] (2025-10-16 18:04:22.810) OdometryF2M.cpp:622::computeTransform() Registration failed: "libpointmatcher has failed: limit out of bounds: rot: 0.0799877/1 tr: 0.362903/0.35"[0m
[2025-10-16 18:04:51.668655][icp_odometry-3][STDOUT] [33m[ WARN] (2025-10-16 18:04:23.307) MsgConversion.cpp:2010::getTransform() (getting transform odom -> base_link) Lookup would require extrapolation into the future.  Requested time 1727155797.008012 but the latest data is at time 1727155793.607994, when looking up transform from frame [base_link] to frame [odom] (wait_for_transform=0.500000)[0m
[2025-10-16 18:04:51.668655][icp_odometry-3][STDOUT] [33m[ WARN] (2025-10-16 18:04:25.109) OdometryF2M.cpp:622::computeTransform() Registration failed: "libpointmatcher has failed: limit out of bounds: rot: 0.040086/1 tr: 0.36445/0.35"[0m
[2025-10-16 18:04:51.668655][icp_odometry-3][STDOUT] [33m[ WARN] (2025-10-16 18:04:46.340) OdometryF2M.cpp:626::computeTransform() Registration failed: "Cannot compute transform (cor=1161 corrRatio=0.023730/0.070000 maxLaserScans=48925)" (guess=xyz=0.245678,-0.020149,0.003379 rpy=-0.000508,-0.003554,0.020738)[0m
[2025-10-16 18:04:51.668655][icp_odometry-3][STDOUT] [31m[ERROR] (2025-10-16 18:04:46.929) RegistrationIcp.cpp:980::computeTransformationImpl() RegistrationIcp cannot do registration with a null guess.[0m
[2025-10-16 18:04:51.668655][icp_odometry-3][STDOUT] [33m[ WARN] (2025-10-16 18:04:46.929) OdometryF2M.cpp:622::computeTransform() Registration failed: "RegistrationIcp cannot do registration with a null guess."[0m
[2025-10-16 18:04:51.668655][icp_odometry-3][STDOUT] [31m[ERROR] (2025-10-16 18:04:48.076) RegistrationIcp.cpp:980::computeTransformationImpl() RegistrationIcp cannot do registration with a null guess.[0m
[2025-10-16 18:04:51.668655][icp_odometry-3][STDOUT] [33m[ WARN] (2025-10-16 18:04:48.077) OdometryF2M.cpp:622::computeTransform() Registration failed: "RegistrationIcp cannot do registration with a null guess."[0m
[2025-10-16 18:04:51.668655][icp_odometry-3][STDOUT] [33m[ WARN] (2025-10-16 18:04:48.582) MsgConversion.cpp:2010::getTransform() (getting transform odom -> base_link) Lookup would require extrapolation into the future.  Requested time 1727155749.227420 but the latest data is at time 1727155745.727827, when looking up transform from frame [base_link] to frame [odom] (wait_for_transform=0.500000)[0m
[2025-10-16 18:04:51.668655][icp_odometry-3][STDOUT] [33m[ WARN] (2025-10-16 18:04:50.501) OdometryF2M.cpp:622::computeTransform() Registration failed: "libpointmatcher has failed: limit out of bounds: rot: 0.0189686/1 tr: 0.351882/0.35"[0m
[2025-10-16 18:04:51.668655][icp_odometry-3][STDOUT] [33m[ WARN] (2025-10-16 18:04:51.666) OdometryF2M.cpp:622::computeTransform() Registra
[2025-10-16 18:04:51.669474][icp_odometry-3][STDERR] [WARN] [1760605491.667151637] [icp_odometry]: Odometry lost! Odometry will be reset after next 1 consecutive unsuccessful odometry updates...
[2025-10-16 18:04:51.676156][icp_odometry-3][STDERR] [INFO] [1760605491.675414613] [icp_odometry]: Odom: ratio=0.000000, std dev=0.000000m|0.000000rad, update time=0.125389s delay=1.300005s
[2025-10-16 18:04:53.713387][icp_odometry-3][STDERR] [WARN] [1760605493.712405966] [icp_odometry]: Odometry automatically reset to latest computed pose!
[2025-10-16 18:04:53.724216][icp_odometry-3][STDERR] [INFO] [1760605493.720358359] [icp_odometry]: Odom: ratio=0.013585, std dev=0.000000m|0.000000rad, update time=1.062763s delay=2.175044s
[2025-10-16 18:04:53.830427][icp_odometry-3][STDERR] [INFO] [1760605493.830007294] [icp_odometry]: Odom: ratio=0.000000, std dev=99.995000m|99.995000rad, update time=0.018105s delay=1.200215s
[2025-10-16 18:04:53.886911][rtabmap-4][STDERR] [INFO] [1760605493.886466798] [rtabmap]: rtabmap (1): Rate=1.00s, Limit=0.000s, Conversion=0.0015s, RTAB-Map=0.0567s, Maps update=0.0001s pub=0.0000s delay=2.3500s (local map=1, WM=1)
[2025-10-16 18:04:53.997298][rtabmap-4][STDERR] [INFO] [1760605493.996644862] [rtabmap]: rtabmap (2): Rate=1.00s, Limit=0.000s, Conversion=0.0010s, RTAB-Map=0.0601s, Maps update=0.0002s pub=0.0000s delay=1.3500s (local map=2, WM=2)
[2025-10-16 18:04:55.009667][rtabmap_feedback_loop-6][STDERR] [WARN] [1760605495.008907594] [rtabmap_feedback_loop]: RTAB-Map 누적 맵 토픽(/rtabmap/map_data)이 190.0s 동안 업데이트되지 않았습니다. 그래프 최적화가 멈춘 것 같습니다.
[2025-10-16 18:04:55.010427][rtabmap_feedback_loop-6][STDERR] [ERROR] [1760605495.009739874] [rtabmap_feedback_loop]: 맵 정체가 지속되어 RTAB-Map 리셋을 요청합니다.
[2025-10-16 18:04:55.011189][rtabmap-4][STDERR] [INFO] [1760605495.010392585] [rtabmap]: rtabmap: Reset
[2025-10-16 18:04:55.215791][rtabmap_feedback_loop-6][STDERR] [INFO] [1760605495.214273816] [rtabmap_feedback_loop]: RTAB-Map 리셋 서비스를 성공적으로 호출했습니다.
[2025-10-16 18:04:56.027300][icp_odometry-3][STDERR] [INFO] [1760605496.021080100] [icp_odometry]: Odom: ratio=0.238990, std dev=0.030548m|0.009660rad, update time=1.089324s delay=2.203316s
[2025-10-16 18:04:56.297057][rtabmap-4][STDERR] [INFO] [1760605496.296560071] [rtabmap]: rtabmap (1): Rate=1.00s, Limit=0.000s, Conversion=0.0015s, RTAB-Map=0.0556s, Maps update=0.0001s pub=0.0000s delay=2.4750s (local map=1, WM=1)
[2025-10-16 18:04:56.894963][icp_odometry-3][STDERR] [INFO] [1760605496.894111301] [icp_odometry]: Odom: ratio=0.163617, std dev=0.022651m|0.007163rad, update time=0.817840s delay=1.975019s
[2025-10-16 18:04:56.954369][rtabmap-4][STDERR] [INFO] [1760605496.953684207] [rtabmap]: rtabmap (2): Rate=1.00s, Limit=0.000s, Conversion=0.0013s, RTAB-Map=0.0562s, Maps update=0.0001s pub=0.0001s delay=2.0250s (local map=2, WM=2)
[2025-10-16 18:04:58.139475][icp_odometry-3][STDERR] [INFO] [1760605498.139002506] [icp_odometry]: Odom: ratio=0.160326, std dev=0.025897m|0.008189rad, update time=0.889514s delay=2.050023s
[2025-10-16 18:04:58.203534][rtabmap-4][STDERR] [INFO] [1760605498.203038494] [rtabmap]: rtabmap (3): Rate=1.00s, Limit=0.000s, Conversion=0.0009s, RTAB-Map=0.0617s, Maps update=0.0002s pub=0.0000s delay=2.1000s (local map=3, WM=3)
[2025-10-16 18:04:59.185796][icp_odometry-3][STDERR] [INFO] [1760605499.185341324] [icp_odometry]: Odom: ratio=0.113842, std dev=0.025738m|0.008139rad, update time=0.834053s delay=1.950007s
[2025-10-16 18:04:59.243748][rtabmap-4][STDERR] [INFO] [1760605499.243236512] [rtabmap]: rtabmap (4): Rate=1.00s, Limit=0.000s, Conversion=0.0014s, RTAB-Map=0.0548s, Maps update=0.0002s pub=0.0001s delay=2.0000s (local map=4, WM=4)
[2025-10-16 18:04:59.886755][icp_odometry-3][STDERR] [WARN] [1760605499.886212950] [icp_odometry]: Odometry lost! Odometry will be reset after next 2 consecutive unsuccessful odometry updates...
[2025-10-16 18:04:59.900148][icp_odometry-3][STDERR] [INFO] [1760605499.899683298] [icp_odometry]: Odom: ratio=0.000000, std dev=0.000000m|0.000000rad, update time=0.386723s delay=1.400127s
[2025-10-16 18:05:00.457561][stream_server-2][STDERR] [INFO] [1760605500.457228511] [stream_server]: Downlink connection closed
[2025-10-16 18:05:00.458188][stream_server-2][STDERR] [ERROR] [1760605500.457849675] [stream_server]: Downlink server error: [Errno 104] Connection reset by peer
[2025-10-16 18:05:00.501527][stream_server-2][STDERR] [INFO] [1760605500.498305310] [stream_server]: Uplink connection closed by peer
[2025-10-16 18:05:00.504220][stream_server-2][STDERR] [INFO] [1760605500.503781911] [stream_server]: Uplink session finished
[2025-10-16 18:05:00.599941][icp_odometry-3][STDERR] [WARN] [1760605500.599554364] [icp_odometry]: Odometry lost! Odometry will be reset after next 1 consecutive unsuccessful odometry updates...
[2025-10-16 18:05:00.612231][icp_odometry-3][STDERR] [INFO] [1760605500.611526379] [icp_odometry]: Odom: ratio=0.000000, std dev=0.000000m|0.000000rad, update time=0.012129s delay=0.300152s
[2025-10-16 18:05:04.308100][rtabmap-4][STDERR] [INFO] [1760605504.302182277] [rclcpp]: signal_handler(signum=2)
[2025-10-16 18:05:04.308752][icp_odometry-3][STDERR] [INFO] [1760605504.302191336] [rclcpp]: signal_handler(signum=2)
[2025-10-16 18:05:04.309501][robot_state_publisher-1][STDERR] [INFO] [1760605504.302297296] [rclcpp]: signal_handler(signum=2)
[2025-10-16 18:05:04.310117][rtabmap-4][STDERR] [INFO] [1760605504.308439848] [rtabmap]: Parameters are not saved (No configuration file provided...)
[2025-10-16 18:05:04.512466][time_jump_reset-5][STDERR] Traceback (most recent call last):
[2025-10-16 18:05:04.512466][time_jump_reset-5][STDERR]   File "/home/kkit/newdisk/draco_tcpip/ros2_ws/install/slam_stream_bridge/lib/slam_stream_bridge/time_jump_reset", line 33, in <module>
[2025-10-16 18:05:04.512466][time_jump_reset-5][STDERR]     sys.exit(load_entry_point('slam-stream-bridge==0.1.0', 'console_scripts', 'time_jump_reset')())
[2025-10-16 18:05:04.512466][time_jump_reset-5][STDERR]   File "/home/kkit/newdisk/draco_tcpip/ros2_ws/install/slam_stream_bridge/lib/python3.10/site-packages/slam_stream_bridge/nodes/time_jump_reset.py", line 365, in main
[2025-10-16 18:05:04.513781][rtabmap_feedback_loop-6][STDERR] Traceback (most recent call last):
[2025-10-16 18:05:04.513781][rtabmap_feedback_loop-6][STDERR]   File "/home/kkit/newdisk/draco_tcpip/ros2_ws/install/slam_stream_bridge/lib/slam_stream_bridge/rtabmap_feedback_loop", line 33, in <module>
[2025-10-16 18:05:04.513781][rtabmap_feedback_loop-6][STDERR]     sys.exit(load_entry_point('slam-stream-bridge==0.1.0', 'console_scripts', 'rtabmap_feedback_loop')())
[2025-10-16 18:05:04.513781][rtabmap_feedback_loop-6][STDERR]   File "/home/kkit/newdisk/draco_tcpip/ros2_ws/install/slam_stream_bridge/lib/python3.10/site-packages/slam_stream_bridge/nodes/rtabmap_feedback_loop.py", line 378, in main
[2025-10-16 18:05:04.513781][rtabmap_feedback_loop-6][STDERR]     rclpy.spin(node)
[2025-10-16 18:05:04.513781][rtabmap_feedback_loop-6][STDERR]   File "/opt/ros/humble/local/lib/python3.10/dist-packages/rclpy/__init__.py", line 229, in spin
[2025-10-16 18:05:04.513781][rtabmap_feedback_loop-6][STDERR]     executor.spin_once()
[2025-10-16 18:05:04.513781][rtabmap_feedback_loop-6][STDERR]   File "/opt/ros/humble/local/lib/python3.10/dist-packages/rclpy/executors.py", line 751, in spin_once
[2025-10-16 18:05:04.513781][rtabmap_feedback_loop-6][STDERR]     self._spin_once_impl(timeout_sec)
[2025-10-16 18:05:04.513781][rtabmap_feedback_loop-6][STDERR]   File "/opt/ros/humble/local/lib/python3.10/dist-packages/rclpy/executors.py", line 740, in _spin_once_impl
[2025-10-16 18:05:04.513781][rtabmap_feedback_loop-6][STDERR]     handler, entity, node = self.wait_for_ready_callbacks(timeout_sec=timeout_sec)
[2025-10-16 18:05:04.513781][rtabmap_feedback_loop-6][STDERR]   File "/opt/ros/humble/local/lib/python3.10/dist-packages/rclpy/executors.py", line 723, in wait_for_ready_callbacks
[2025-10-16 18:05:04.515685][time_jump_reset-5][STDERR]     executor.spin()
[2025-10-16 18:05:04.515685][time_jump_reset-5][STDERR]   File "/opt/ros/humble/local/lib/python3.10/dist-packages/rclpy/executors.py", line 294, in spin
[2025-10-16 18:05:04.515685][time_jump_reset-5][STDERR]     self.spin_once()
[2025-10-16 18:05:04.515685][time_jump_reset-5][STDERR]   File "/opt/ros/humble/local/lib/python3.10/dist-packages/rclpy/executors.py", line 806, in spin_once
[2025-10-16 18:05:04.515685][time_jump_reset-5][STDERR]     self._spin_once_impl(timeout_sec)
[2025-10-16 18:05:04.515685][time_jump_reset-5][STDERR]   File "/opt/ros/humble/local/lib/python3.10/dist-packages/rclpy/executors.py", line 787, in _spin_once_impl
[2025-10-16 18:05:04.515685][time_jump_reset-5][STDERR]     handler, entity, node = self.wait_for_ready_callbacks(
[2025-10-16 18:05:04.515685][time_jump_reset-5][STDERR]   File "/opt/ros/humble/local/lib/python3.10/dist-packages/rclpy/executors.py", line 723, in wait_for_ready_callbacks
[2025-10-16 18:05:04.515685][time_jump_reset-5][STDERR]     return next(self._cb_iter)
[2025-10-16 18:05:04.515685][time_jump_reset-5][STDERR]   File "/opt/ros/humble/local/lib/python3.10/dist-packages/rclpy/executors.py", line 620, in _wait_for_ready_callbacks
[2025-10-16 18:05:04.515685][time_jump_reset-5][STDERR]     wait_set.wait(timeout_nsec)
[2025-10-16 18:05:04.515685][time_jump_reset-5][STDERR] KeyboardInterrupt
[2025-10-16 18:05:04.516724][rtabmap_feedback_loop-6][STDERR]     return next(self._cb_iter)
[2025-10-16 18:05:04.516724][rtabmap_feedback_loop-6][STDERR]   File "/opt/ros/humble/local/lib/python3.10/dist-packages/rclpy/executors.py", line 620, in _wait_for_ready_callbacks
[2025-10-16 18:05:04.516724][rtabmap_feedback_loop-6][STDERR]     wait_set.wait(timeout_nsec)
[2025-10-16 18:05:04.516724][rtabmap_feedback_loop-6][STDERR] KeyboardInterrupt
[2025-10-16 18:05:04.525715][icp_odometry-3][STDOUT] tion failed: "libpointmatcher has failed: limit out of bounds: rot: 0.00933078/1 tr: 0.357323/0.35"[0m
[2025-10-16 18:05:04.525715][icp_odometry-3][STDOUT] [33m[ WARN] (2025-10-16 18:04:53.226) OdometryF2M.cpp:622::computeTransform() Registration failed: "Cannot compute transform (cor=754 corrRatio=0.013585/0.070000 maxLaserScans=55503)"[0m
[2025-10-16 18:05:04.525715][icp_odometry-3][STDOUT] [33m[ WARN] (2025-10-16 18:04:53.712) MsgConversion.cpp:2010::getTransform() (getting transform odom -> base_link) Lookup would require extrapolation into the future.  Requested time 1727155753.827447 but the latest data is at time 1727155750.377497, when looking up transform from frame [base_link] to frame [odom] (wait_for_transform=0.500000)[0m
[2025-10-16 18:05:04.525715][icp_odometry-3][STDOUT] [33m[ WARN] (2025-10-16 18:04:59.886) OdometryF2M.cpp:626::computeTransform() Registration failed: "libpointmatcher has failed: limit out of bounds: rot: 0.00177924/1 tr: 0.350325/0.35" (guess=xyz=-0.124677,-0.057275,-0.013139 rpy=-0.000711,0.001121,0.024174)[0m
[2025-10-16 18:05:04.525715][icp_odometry-3][STDOUT] [31m[ERROR] (2025-10-16 18:05:00.599) RegistrationIcp.cpp:980::computeTransformationImpl() RegistrationIcp cannot do registration with a null guess.[0m
[2025-10-16 18:05:04.525715][icp_odometry-3][STDOUT] [33m[ WARN] (2025-10-16 18:05:00.599) OdometryF2M.cpp:622::computeTransform() Registration failed: "RegistrationIcp cannot do registration with a null guess."[0m
