# 로그 생성 정보
# 명령어: ros2 launch draco_roundtrip server.launch.py use_sim_time:=true run_slam:=true
# 생성 시각: 2025-10-16T13:12:16.555332
[2025-10-16 13:12:16.645331][robot_state_publisher-1][STDERR] [INFO] [1760587936.643661862] [robot_state_publisher]: got segment base_link
[2025-10-16 13:12:16.646616][robot_state_publisher-1][STDERR] [INFO] [1760587936.644504176] [robot_state_publisher]: got segment lidar_frame
[2025-10-16 13:12:17.038477][icp_odometry-3][STDERR] [INFO] [1760587937.038070694] [icp_odometry]: Odometry: frame_id               = base_link
[2025-10-16 13:12:17.040407][icp_odometry-3][STDERR] [INFO] [1760587937.038271163] [icp_odometry]: Odometry: odom_frame_id          = odom
[2025-10-16 13:12:17.040407][icp_odometry-3][STDERR] [INFO] [1760587937.038293154] [icp_odometry]: Odometry: publish_tf             = true
[2025-10-16 13:12:17.040407][icp_odometry-3][STDERR] [INFO] [1760587937.038307909] [icp_odometry]: Odometry: wait_for_transform     = 0.200000
[2025-10-16 13:12:17.040407][icp_odometry-3][STDERR] [INFO] [1760587937.038331992] [icp_odometry]: Odometry: log_to_rosout_level    = 4
[2025-10-16 13:12:17.040407][icp_odometry-3][STDERR] [INFO] [1760587937.038359883] [icp_odometry]: Odometry: initial_pose           = xyz=0.000000,0.000000,0.000000 rpy=0.000000,-0.000000,0.000000
[2025-10-16 13:12:17.040407][icp_odometry-3][STDERR] [INFO] [1760587937.038373909] [icp_odometry]: Odometry: ground_truth_frame_id  = 
[2025-10-16 13:12:17.040407][icp_odometry-3][STDERR] [INFO] [1760587937.038386394] [icp_odometry]: Odometry: ground_truth_base_frame_id = base_link
[2025-10-16 13:12:17.040407][icp_odometry-3][STDERR] [INFO] [1760587937.038398421] [icp_odometry]: Odometry: config_path            = 
[2025-10-16 13:12:17.040407][icp_odometry-3][STDERR] [INFO] [1760587937.038409872] [icp_odometry]: Odometry: publish_null_when_lost = true
[2025-10-16 13:12:17.040407][icp_odometry-3][STDERR] [INFO] [1760587937.038421400] [icp_odometry]: Odometry: publish_compressed_sensor_data = false
[2025-10-16 13:12:17.040407][icp_odometry-3][STDERR] [INFO] [1760587937.038432572] [icp_odometry]: Odometry: guess_frame_id         = 
[2025-10-16 13:12:17.040407][icp_odometry-3][STDERR] [INFO] [1760587937.038443620] [icp_odometry]: Odometry: guess_min_translation  = 0.000000
[2025-10-16 13:12:17.040407][icp_odometry-3][STDERR] [INFO] [1760587937.038460522] [icp_odometry]: Odometry: guess_min_rotation     = 0.000000
[2025-10-16 13:12:17.040407][icp_odometry-3][STDERR] [INFO] [1760587937.038473685] [icp_odometry]: Odometry: guess_min_time         = 0.000000
[2025-10-16 13:12:17.040407][icp_odometry-3][STDERR] [INFO] [1760587937.038486380] [icp_odometry]: Odometry: expected_update_rate   = 0.000000 Hz
[2025-10-16 13:12:17.040407][icp_odometry-3][STDERR] [INFO] [1760587937.038498155] [icp_odometry]: Odometry: max_update_rate        = 0.000000 Hz
[2025-10-16 13:12:17.040407][icp_odometry-3][STDERR] [INFO] [1760587937.038510365] [icp_odometry]: Odometry: min_update_rate        = 0.000000 Hz
[2025-10-16 13:12:17.040407][icp_odometry-3][STDERR] [INFO] [1760587937.038523166] [icp_odometry]: Odometry: wait_imu_to_init       = false
[2025-10-16 13:12:17.040407][icp_odometry-3][STDERR] [INFO] [1760587937.038534925] [icp_odometry]: Odometry: always_check_imu_tf    = true
[2025-10-16 13:12:17.040407][icp_odometry-3][STDERR] [INFO] [1760587937.038546553] [icp_odometry]: Odometry: sensor_data_compression_format = .jpg
[2025-10-16 13:12:17.040407][icp_odometry-3][STDERR] [INFO] [1760587937.038558518] [icp_odometry]: Odometry: sensor_data_parallel_compression = true
[2025-10-16 13:12:17.040407][icp_odometry-3][STDERR] [INFO] [1760587937.038580783] [icp_odometry]: Odometry: stereoParams_=0 visParams_=0 icpParams_=1
[2025-10-16 13:12:17.040941][icp_odometry-3][STDERR] [INFO] [1760587937.040505711] [icp_odometry]: Setting odometry parameter "Icp/Epsilon"="0.001"
[2025-10-16 13:12:17.041725][icp_odometry-3][STDERR] [INFO] [1760587937.041356879] [icp_odometry]: Setting odometry parameter "Icp/PointToPlaneK"="20"
[2025-10-16 13:12:17.042910][icp_odometry-3][STDERR] [INFO] [1760587937.041513839] [icp_odometry]: Setting odometry parameter "Icp/PointToPlaneRadius"="0"
[2025-10-16 13:12:17.044097][icp_odometry-3][STDERR] [INFO] [1760587937.041947894] [icp_odometry]: Setting odometry parameter "Odom/GuessMotion"="false"
[2025-10-16 13:12:17.044097][icp_odometry-3][STDERR] [INFO] [1760587937.042464929] [icp_odometry]: Setting odometry parameter "Odom/ResetCountdown"="1"
[2025-10-16 13:12:17.044097][icp_odometry-3][STDERR] [INFO] [1760587937.042527376] [icp_odometry]: Setting odometry parameter "Odom/ScanKeyFrameThr"="0.4"
[2025-10-16 13:12:17.044097][icp_odometry-3][STDERR] [INFO] [1760587937.042659337] [icp_odometry]: Setting odometry parameter "OdomF2M/BundleAdjustment"="false"
[2025-10-16 13:12:17.044926][icp_odometry-3][STDERR] [INFO] [1760587937.043413683] [icp_odometry]: Setting odometry parameter "OdomF2M/ScanMaxSize"="15000"
[2025-10-16 13:12:17.044926][icp_odometry-3][STDERR] [INFO] [1760587937.043616547] [icp_odometry]: Setting odometry parameter "OdomF2M/ScanSubtractRadius"="0.2"
[2025-10-16 13:12:17.054117][icp_odometry-3][STDERR] [WARN] [1760587937.053514882] [icp_odometry]: IcpOdometry: Transferring value 0.05 of "Icp/VoxelSize" to ros parameter "scan_voxel_size" for convenience. "Icp/VoxelSize" is set to 0.
[2025-10-16 13:12:17.054117][icp_odometry-3][STDERR] [WARN] [1760587937.053567132] [icp_odometry]: IcpOdometry: Transferring value 20 of "Icp/PointToPlaneK" to ros parameter "scan_normal_k" for convenience.
[2025-10-16 13:12:17.062484][icp_odometry-3][STDERR] [INFO] [1760587937.060428599] [icp_odometry]: IcpOdometry: qos                    = 0
[2025-10-16 13:12:17.062484][icp_odometry-3][STDERR] [INFO] [1760587937.060478507] [icp_odometry]: IcpOdometry: scan_cloud_max_points  = -1
[2025-10-16 13:12:17.062484][icp_odometry-3][STDERR] [INFO] [1760587937.060495981] [icp_odometry]: IcpOdometry: scan_cloud_is_2d       = false
[2025-10-16 13:12:17.062484][icp_odometry-3][STDERR] [INFO] [1760587937.060510179] [icp_odometry]: IcpOdometry: scan_downsampling_step = 1
[2025-10-16 13:12:17.062484][icp_odometry-3][STDERR] [INFO] [1760587937.060523656] [icp_odometry]: IcpOdometry: scan_range_min         = 0.000000 m
[2025-10-16 13:12:17.062484][icp_odometry-3][STDERR] [INFO] [1760587937.060549860] [icp_odometry]: IcpOdometry: scan_range_max         = 0.000000 m
[2025-10-16 13:12:17.062484][icp_odometry-3][STDERR] [INFO] [1760587937.060569080] [icp_odometry]: IcpOdometry: scan_voxel_size        = 0.050000 m
[2025-10-16 13:12:17.062484][icp_odometry-3][STDERR] [INFO] [1760587937.060588712] [icp_odometry]: IcpOdometry: scan_normal_k          = 20
[2025-10-16 13:12:17.062484][icp_odometry-3][STDERR] [INFO] [1760587937.060606498] [icp_odometry]: IcpOdometry: scan_normal_radius     = 0.000000 m
[2025-10-16 13:12:17.062484][icp_odometry-3][STDERR] [INFO] [1760587937.060653652] [icp_odometry]: IcpOdometry: scan_normal_ground_up  = 0.000000
[2025-10-16 13:12:17.062484][icp_odometry-3][STDERR] [INFO] [1760587937.060672484] [icp_odometry]: IcpOdometry: deskewing              = false
[2025-10-16 13:12:17.062484][icp_odometry-3][STDERR] [INFO] [1760587937.060692452] [icp_odometry]: IcpOdometry: deskewing_slerp        = false
[2025-10-16 13:12:17.064047][icp_odometry-3][STDERR] [INFO] [1760587937.063353034] [icp_odometry]: 
[2025-10-16 13:12:17.064047][icp_odometry-3][STDERR] icp_odometry subscribed to /scan and /stream_pair/decoded (make sure only one of this topic is published, otherwise remap one to a dummy topic name).
[2025-10-16 13:12:17.116344][rtabmap-4][STDERR] [WARN] [1760587937.113168361] [rtabmap]: Parameter "queue_size" has been renamed to "sync_queue_size" and will be removed in future versions! The value (10) is copied to "sync_queue_size".
[2025-10-16 13:12:17.134209][rtabmap-4][STDERR] [INFO] [1760587937.120452826] [rtabmap]: rtabmap(maps): latch                      = true
[2025-10-16 13:12:17.134209][rtabmap-4][STDERR] [INFO] [1760587937.120487378] [rtabmap]: rtabmap(maps): map_filter_radius          = 0.000000
[2025-10-16 13:12:17.134209][rtabmap-4][STDERR] [INFO] [1760587937.120505878] [rtabmap]: rtabmap(maps): map_filter_angle           = 30.000000
[2025-10-16 13:12:17.134209][rtabmap-4][STDERR] [INFO] [1760587937.120516807] [rtabmap]: rtabmap(maps): map_cleanup                = true
[2025-10-16 13:12:17.134209][rtabmap-4][STDERR] [INFO] [1760587937.120525976] [rtabmap]: rtabmap(maps): map_always_update          = false
[2025-10-16 13:12:17.134209][rtabmap-4][STDERR] [INFO] [1760587937.120534852] [rtabmap]: rtabmap(maps): map_empty_ray_tracing      = true
[2025-10-16 13:12:17.134209][rtabmap-4][STDERR] [INFO] [1760587937.120544002] [rtabmap]: rtabmap(maps): cloud_output_voxelized     = true
[2025-10-16 13:12:17.134209][rtabmap-4][STDERR] [INFO] [1760587937.120552702] [rtabmap]: rtabmap(maps): cloud_subtract_filtering   = false
[2025-10-16 13:12:17.134209][rtabmap-4][STDERR] [INFO] [1760587937.120561277] [rtabmap]: rtabmap(maps): cloud_subtract_filtering_min_neighbors = 2
[2025-10-16 13:12:17.134209][rtabmap-4][STDERR] [INFO] [1760587937.120610712] [rtabmap]: rtabmap(maps): octomap_tree_depth         = 16
[2025-10-16 13:12:17.166810][rtabmap-4][STDERR] [INFO] [1760587937.161551446] [rtabmap]: rtabmap: frame_id      = base_link
[2025-10-16 13:12:17.166810][rtabmap-4][STDERR] [INFO] [1760587937.161606635] [rtabmap]: rtabmap: odom_frame_id = odom
[2025-10-16 13:12:17.166810][rtabmap-4][STDERR] [INFO] [1760587937.161628287] [rtabmap]: rtabmap: map_frame_id  = map
[2025-10-16 13:12:17.166810][rtabmap-4][STDERR] [INFO] [1760587937.161647233] [rtabmap]: rtabmap: log_to_rosout_level  = 4
[2025-10-16 13:12:17.166810][rtabmap-4][STDERR] [INFO] [1760587937.161666824] [rtabmap]: rtabmap: initial_pose  = 
[2025-10-16 13:12:17.166810][rtabmap-4][STDERR] [INFO] [1760587937.161686724] [rtabmap]: rtabmap: use_action_for_goal  = false
[2025-10-16 13:12:17.166810][rtabmap-4][STDERR] [INFO] [1760587937.161712452] [rtabmap]: rtabmap: tf_delay      = 0.050000
[2025-10-16 13:12:17.166810][rtabmap-4][STDERR] [INFO] [1760587937.161752332] [rtabmap]: rtabmap: tf_tolerance  = 0.100000
[2025-10-16 13:12:17.166810][rtabmap-4][STDERR] [INFO] [1760587937.161773317] [rtabmap]: rtabmap: odom_sensor_sync   = false
[2025-10-16 13:12:17.166810][rtabmap-4][STDERR] [INFO] [1760587937.161800256] [rtabmap]: rtabmap: pub_loc_pose_only_when_localizing = false
[2025-10-16 13:12:17.166810][rtabmap-4][STDERR] [INFO] [1760587937.161819714] [rtabmap]: rtabmap: wait_for_transform = 0.200000
[2025-10-16 13:12:17.166810][rtabmap-4][STDERR] [INFO] [1760587937.161841768] [rtabmap]: rtabmap: gen_scan  = false
[2025-10-16 13:12:17.166810][rtabmap-4][STDERR] [INFO] [1760587937.161860938] [rtabmap]: rtabmap: gen_depth  = false
[2025-10-16 13:12:17.166810][rtabmap-4][STDERR] [INFO] [1760587937.161878483] [rtabmap]: rtabmap: scan_cloud_max_points = 0
[2025-10-16 13:12:17.166810][rtabmap-4][STDERR] [INFO] [1760587937.161896949] [rtabmap]: rtabmap: scan_cloud_is_2d = false
[2025-10-16 13:12:17.191235][rtabmap-4][STDERR] [INFO] [1760587937.187685440] [rtabmap]: Setting RTAB-Map parameter "Grid/3D"="true" (rosparam)
[2025-10-16 13:12:17.191235][rtabmap-4][STDERR] [INFO] [1760587937.187767630] [rtabmap]: Setting RTAB-Map parameter "Grid/CellSize"="0.2" (rosparam)
[2025-10-16 13:12:17.191235][rtabmap-4][STDERR] [INFO] [1760587937.188205563] [rtabmap]: Setting RTAB-Map parameter "Grid/ClusterRadius"="0.5" (rosparam)
[2025-10-16 13:12:17.200294][rtabmap-4][STDERR] [INFO] [1760587937.189311858] [rtabmap]: Setting RTAB-Map parameter "Grid/Sensor"="true" (rosparam)
[2025-10-16 13:12:17.200294][rtabmap-4][STDERR] [INFO] [1760587937.190078239] [rtabmap]: Setting RTAB-Map parameter "Icp/CorrespondenceRatio"="0.1" (rosparam)
[2025-10-16 13:12:17.200294][rtabmap-4][STDERR] [INFO] [1760587937.190225521] [rtabmap]: Setting RTAB-Map parameter "Icp/Epsilon"="0.001" (rosparam)
[2025-10-16 13:12:17.200294][rtabmap-4][STDERR] [INFO] [1760587937.190384384] [rtabmap]: Setting RTAB-Map parameter "Icp/Iterations"="30" (rosparam)
[2025-10-16 13:12:17.200294][rtabmap-4][STDERR] [INFO] [1760587937.193775845] [rtabmap]: Setting RTAB-Map parameter "Mem/NotLinkedNodesKept"="true" (rosparam)
[2025-10-16 13:12:17.212225][rtabmap-4][STDERR] [INFO] [1760587937.194241908] [rtabmap]: Setting RTAB-Map parameter "Mem/STMSize"="30" (rosparam)
[2025-10-16 13:12:17.212225][rtabmap-4][STDERR] [INFO] [1760587937.194885854] [rtabmap]: Setting RTAB-Map parameter "Optimizer/GravitySigma"="0" (rosparam)
[2025-10-16 13:12:17.212225][rtabmap-4][STDERR] [INFO] [1760587937.195756376] [rtabmap]: Setting RTAB-Map parameter "RGBD/AngularUpdate"="0" (rosparam)
[2025-10-16 13:12:17.212225][rtabmap-4][STDERR] [INFO] [1760587937.196172300] [rtabmap]: Setting RTAB-Map parameter "RGBD/LinearUpdate"="0" (rosparam)
[2025-10-16 13:12:17.212225][rtabmap-4][STDERR] [INFO] [1760587937.197548652] [rtabmap]: Setting RTAB-Map parameter "RGBD/ProximityPathMaxNeighbors"="1" (rosparam)
[2025-10-16 13:12:17.212225][rtabmap-4][STDERR] [INFO] [1760587937.197839236] [rtabmap]: Setting RTAB-Map parameter "Reg/Strategy"="1" (rosparam)
[2025-10-16 13:12:17.212225][rtabmap-4][STDERR] [INFO] [1760587937.198587913] [rtabmap]: Setting RTAB-Map parameter "Rtabmap/SaveWMState"="false" (rosparam)
[2025-10-16 13:12:17.212790][rtabmap-4][STDERR] [INFO] [1760587937.203150533] [rtabmap]: Setting "Icp/PointToPlaneRadius" parameter to 0 (default 0.000000) as "subscribe_scan_cloud" is true.
[2025-10-16 13:12:17.212790][rtabmap-4][STDERR] [INFO] [1760587937.203407370] [rtabmap]: RTAB-Map detection rate = 1.000000 Hz
[2025-10-16 13:12:17.212790][rtabmap-4][STDERR] [INFO] [1760587937.203474608] [rtabmap]: rtabmap: Deleted database "/home/kkit/.ros/rtabmap.db" (--delete_db_on_start or -d are set).
[2025-10-16 13:12:17.212790][rtabmap-4][STDERR] [INFO] [1760587937.203528921] [rtabmap]: rtabmap: Using database from "/home/kkit/.ros/rtabmap.db" (0 MB).
[2025-10-16 13:12:17.320229][rtabmap-4][STDERR] [INFO] [1760587937.319809107] [rtabmap]: rtabmap: Database version = "0.22.1".
[2025-10-16 13:12:17.320229][rtabmap-4][STDERR] [INFO] [1760587937.319876437] [rtabmap]: rtabmap: SLAM mode (Mem/IncrementalMemory=true)
[2025-10-16 13:12:17.345471][rtabmap-4][STDERR] [INFO] [1760587937.344993390] [rtabmap]: Setup callbacks
[2025-10-16 13:12:17.346108][icp_odometry-3][STDERR] Warning: TF_OLD_DATA ignoring data from the past for frame odom at time 0.100000 according to authority Authority undetectable
[2025-10-16 13:12:17.346108][icp_odometry-3][STDERR] Possible reasons are listed at http://wiki.ros.org/tf/Errors%20explained
[2025-10-16 13:12:17.346108][icp_odometry-3][STDERR]          at line 294 in ./src/buffer_core.cpp
[2025-10-16 13:12:17.348453][rtabmap-4][STDERR] [INFO] [1760587937.345785868] [rtabmap]: rtabmap: subscribe_depth = false
[2025-10-16 13:12:17.348453][rtabmap-4][STDERR] Warning: TF_OLD_DATA ignoring data from the past for frame odom at time 0.100000 according to authority Authority undetectable
[2025-10-16 13:12:17.348453][rtabmap-4][STDERR] Possible reasons are listed at http://wiki.ros.org/tf/Errors%20explained
[2025-10-16 13:12:17.348453][rtabmap-4][STDERR]          at line 294 in ./src/buffer_core.cpp
[2025-10-16 13:12:17.348453][rtabmap-4][STDERR] [INFO] [1760587937.345846370] [rtabmap]: rtabmap: subscribe_rgb = false
[2025-10-16 13:12:17.348453][rtabmap-4][STDERR] [INFO] [1760587937.345872704] [rtabmap]: rtabmap: subscribe_stereo = false
[2025-10-16 13:12:17.348453][rtabmap-4][STDERR] [INFO] [1760587937.345894048] [rtabmap]: rtabmap: subscribe_rgbd = false (rgbd_cameras=1)
[2025-10-16 13:12:17.348453][rtabmap-4][STDERR] [INFO] [1760587937.345910465] [rtabmap]: rtabmap: subscribe_sensor_data = false
[2025-10-16 13:12:17.348453][rtabmap-4][STDERR] [INFO] [1760587937.345932327] [rtabmap]: rtabmap: subscribe_odom_info = true
[2025-10-16 13:12:17.348453][rtabmap-4][STDERR] [INFO] [1760587937.345945864] [rtabmap]: rtabmap: subscribe_user_data = false
[2025-10-16 13:12:17.348453][rtabmap-4][STDERR] [INFO] [1760587937.345957853] [rtabmap]: rtabmap: subscribe_scan = false
[2025-10-16 13:12:17.348453][rtabmap-4][STDERR] [INFO] [1760587937.345971142] [rtabmap]: rtabmap: subscribe_scan_cloud = true
[2025-10-16 13:12:17.348453][rtabmap-4][STDERR] [INFO] [1760587937.345984295] [rtabmap]: rtabmap: subscribe_scan_descriptor = false
[2025-10-16 13:12:17.348453][rtabmap-4][STDERR] [INFO] [1760587937.345996549] [rtabmap]: rtabmap: topic_queue_size = 10
[2025-10-16 13:12:17.348453][rtabmap-4][STDERR] [INFO] [1760587937.346008363] [rtabmap]: rtabmap: sync_queue_size  = 10
[2025-10-16 13:12:17.348453][rtabmap-4][STDERR] [INFO] [1760587937.346023893] [rtabmap]: rtabmap: qos_image       = 0
[2025-10-16 13:12:17.348453][rtabmap-4][STDERR] [INFO] [1760587937.346045471] [rtabmap]: rtabmap: qos_camera_info = 0
[2025-10-16 13:12:17.348453][rtabmap-4][STDERR] [INFO] [1760587937.346064037] [rtabmap]: rtabmap: qos_scan        = 0
[2025-10-16 13:12:17.348453][rtabmap-4][STDERR] [INFO] [1760587937.346081932] [rtabmap]: rtabmap: qos_odom        = 0
[2025-10-16 13:12:17.348453][rtabmap-4][STDERR] [INFO] [1760587937.346098971] [rtabmap]: rtabmap: qos_user_data   = 0
[2025-10-16 13:12:17.348453][rtabmap-4][STDERR] [INFO] [1760587937.346121325] [rtabmap]: rtabmap: approx_sync     = true
[2025-10-16 13:12:17.348453][rtabmap-4][STDERR] [INFO] [1760587937.346150663] [rtabmap]: Setup scan callback
[2025-10-16 13:12:17.349380][rtabmap-4][STDERR] [INFO] [1760587937.348674803] [rtabmap]: 
[2025-10-16 13:12:17.349380][rtabmap-4][STDERR] rtabmap subscribed to (approx sync):
[2025-10-16 13:12:17.349380][rtabmap-4][STDERR]    /stream_pair/decoded \
[2025-10-16 13:12:17.349380][rtabmap-4][STDERR]    /odom_info
[2025-10-16 13:12:17.351173][rtabmap-4][STDERR] [WARN] [1760587937.350702152] [rtabmap]: There is no image subscription, bag-of-words loop closure detection will be disabled...
[2025-10-16 13:12:17.351173][rtabmap-4][STDERR] [WARN] [1760587937.350742753] [rtabmap]: Setting Kp/MaxFeatures=-1 (bag-of-words disabled)
[2025-10-16 13:12:17.387155][rtabmap_feedback_loop-6][STDERR] [INFO] [1760587937.386754382] [rtabmap_feedback_loop]: RTAB-Map 피드백 루프 노드를 시작했습니다. 토픽과 서비스 상태를 모니터링합니다.
[2025-10-16 13:12:17.395655][rtabmap-4][STDERR] Warning: TF_OLD_DATA ignoring data from the past for frame odom at time 0.100000 according to authority Authority undetectable
[2025-10-16 13:12:17.395655][rtabmap-4][STDERR] Possible reasons are listed at http://wiki.ros.org/tf/Errors%20explained
[2025-10-16 13:12:17.395655][rtabmap-4][STDERR]          at line 294 in ./src/buffer_core.cpp
[2025-10-16 13:12:17.396251][icp_odometry-3][STDERR] Warning: TF_OLD_DATA ignoring data from the past for frame odom at time 0.100000 according to authority Authority undetectable
[2025-10-16 13:12:17.396251][icp_odometry-3][STDERR] Possible reasons are listed at http://wiki.ros.org/tf/Errors%20explained
[2025-10-16 13:12:17.396251][icp_odometry-3][STDERR]          at line 294 in ./src/buffer_core.cpp
[2025-10-16 13:12:17.449619][rtabmap-4][STDERR] Warning: TF_OLD_DATA ignoring data from the past for frame odom at time 0.100000 according to authority Authority undetectable
[2025-10-16 13:12:17.449619][rtabmap-4][STDERR] Possible reasons are listed at http://wiki.ros.org/tf/Errors%20explained
[2025-10-16 13:12:17.449619][rtabmap-4][STDERR]          at line 294 in ./src/buffer_core.cpp
[2025-10-16 13:12:17.450682][icp_odometry-3][STDERR] Warning: TF_OLD_DATA ignoring data from the past for frame odom at time 0.100000 according to authority Authority undetectable
[2025-10-16 13:12:17.450682][icp_odometry-3][STDERR] Possible reasons are listed at http://wiki.ros.org/tf/Errors%20explained
[2025-10-16 13:12:17.450682][icp_odometry-3][STDERR]          at line 294 in ./src/buffer_core.cpp
[2025-10-16 13:12:17.495597][icp_odometry-3][STDERR] Warning: TF_OLD_DATA ignoring data from the past for frame odom at time 0.100000 according to authority Authority undetectable
[2025-10-16 13:12:17.495597][icp_odometry-3][STDERR] Possible reasons are listed at http://wiki.ros.org/tf/Errors%20explained
[2025-10-16 13:12:17.495597][icp_odometry-3][STDERR]          at line 294 in ./src/buffer_core.cpp
[2025-10-16 13:12:17.496028][rtabmap-4][STDERR] Warning: TF_OLD_DATA ignoring data from the past for frame odom at time 0.100000 according to authority Authority undetectable
[2025-10-16 13:12:17.496028][rtabmap-4][STDERR] Possible reasons are listed at http://wiki.ros.org/tf/Errors%20explained
[2025-10-16 13:12:17.496028][rtabmap-4][STDERR]          at line 294 in ./src/buffer_core.cpp
[2025-10-16 13:12:17.545678][rtabmap-4][STDERR] Warning: TF_OLD_DATA ignoring data from the past for frame odom at time 0.100000 according to authority Authority undetectable
[2025-10-16 13:12:17.545678][rtabmap-4][STDERR] Possible reasons are listed at http://wiki.ros.org/tf/Errors%20explained
[2025-10-16 13:12:17.545678][rtabmap-4][STDERR]          at line 294 in ./src/buffer_core.cpp
[2025-10-16 13:12:17.546191][icp_odometry-3][STDERR] Warning: TF_OLD_DATA ignoring data from the past for frame odom at time 0.100000 according to authority Authority undetectable
[2025-10-16 13:12:17.546191][icp_odometry-3][STDERR] Possible reasons are listed at http://wiki.ros.org/tf/Errors%20explained
[2025-10-16 13:12:17.546191][icp_odometry-3][STDERR]          at line 294 in ./src/buffer_core.cpp
[2025-10-16 13:12:17.595730][rtabmap-4][STDERR] Warning: TF_OLD_DATA ignoring data from the past for frame odom at time 0.100000 according to authority Authority undetectable
[2025-10-16 13:12:17.595730][rtabmap-4][STDERR] Possible reasons are listed at http://wiki.ros.org/tf/Errors%20explained
[2025-10-16 13:12:17.595730][rtabmap-4][STDERR]          at line 294 in ./src/buffer_core.cpp
[2025-10-16 13:12:17.596218][icp_odometry-3][STDERR] Warning: TF_OLD_DATA ignoring data from the past for frame odom at time 0.100000 according to authority Authority undetectable
[2025-10-16 13:12:17.596218][icp_odometry-3][STDERR] Possible reasons are listed at http://wiki.ros.org/tf/Errors%20explained
[2025-10-16 13:12:17.596218][icp_odometry-3][STDERR]          at line 294 in ./src/buffer_core.cpp
[2025-10-16 13:12:17.645466][icp_odometry-3][STDERR] Warning: TF_OLD_DATA ignoring data from the past for frame odom at time 0.100000 according to authority Authority undetectable
[2025-10-16 13:12:17.645466][icp_odometry-3][STDERR] Possible reasons are listed at http://wiki.ros.org/tf/Errors%20explained
[2025-10-16 13:12:17.645466][icp_odometry-3][STDERR]          at line 294 in ./src/buffer_core.cpp
[2025-10-16 13:12:17.645966][rtabmap-4][STDERR] Warning: TF_OLD_DATA ignoring data from the past for frame odom at time 0.100000 according to authority Authority undetectable
[2025-10-16 13:12:17.645966][rtabmap-4][STDERR] Possible reasons are listed at http://wiki.ros.org/tf/Errors%20explained
[2025-10-16 13:12:17.645966][rtabmap-4][STDERR]          at line 294 in ./src/buffer_core.cpp
[2025-10-16 13:12:17.695519][rtabmap-4][STDERR] Warning: TF_OLD_DATA ignoring data from the past for frame odom at time 0.100000 according to authority Authority undetectable
[2025-10-16 13:12:17.695519][rtabmap-4][STDERR] Possible reasons are listed at http://wiki.ros.org/tf/Errors%20explained
[2025-10-16 13:12:17.695519][rtabmap-4][STDERR]          at line 294 in ./src/buffer_core.cpp
[2025-10-16 13:12:17.696061][icp_odometry-3][STDERR] Warning: TF_OLD_DATA ignoring data from the past for frame odom at time 0.100000 according to authority Authority undetectable
[2025-10-16 13:12:17.696061][icp_odometry-3][STDERR] Possible reasons are listed at http://wiki.ros.org/tf/Errors%20explained
[2025-10-16 13:12:17.696061][icp_odometry-3][STDERR]          at line 294 in ./src/buffer_core.cpp
[2025-10-16 13:12:17.745595][rtabmap-4][STDERR] Warning: TF_OLD_DATA ignoring data from the past for frame odom at time 0.100000 according to authority Authority undetectable
[2025-10-16 13:12:17.745595][rtabmap-4][STDERR] Possible reasons are listed at http://wiki.ros.org/tf/Errors%20explained
[2025-10-16 13:12:17.745595][rtabmap-4][STDERR]          at line 294 in ./src/buffer_core.cpp
[2025-10-16 13:12:17.746204][icp_odometry-3][STDERR] Warning: TF_OLD_DATA ignoring data from the past for frame odom at time 0.100000 according to authority Authority undetectable
[2025-10-16 13:12:17.746204][icp_odometry-3][STDERR] Possible reasons are listed at http://wiki.ros.org/tf/Errors%20explained
[2025-10-16 13:12:17.746204][icp_odometry-3][STDERR]          at line 294 in ./src/buffer_core.cpp
[2025-10-16 13:12:17.795457][icp_odometry-3][STDERR] Warning: TF_OLD_DATA ignoring data from the past for frame odom at time 0.100000 according to authority Authority undetectable
[2025-10-16 13:12:17.795457][icp_odometry-3][STDERR] Possible reasons are listed at http://wiki.ros.org/tf/Errors%20explained
[2025-10-16 13:12:17.795457][icp_odometry-3][STDERR]          at line 294 in ./src/buffer_core.cpp
[2025-10-16 13:12:17.795951][rtabmap-4][STDERR] Warning: TF_OLD_DATA ignoring data from the past for frame odom at time 0.100000 according to authority Authority undetectable
[2025-10-16 13:12:17.795951][rtabmap-4][STDERR] Possible reasons are listed at http://wiki.ros.org/tf/Errors%20explained
[2025-10-16 13:12:17.795951][rtabmap-4][STDERR]          at line 294 in ./src/buffer_core.cpp
[2025-10-16 13:12:17.845609][rtabmap-4][STDERR] Warning: TF_OLD_DATA ignoring data from the past for frame odom at time 0.100000 according to authority Authority undetectable
[2025-10-16 13:12:17.845609][rtabmap-4][STDERR] Possible reasons are listed at http://wiki.ros.org/tf/Errors%20explained
[2025-10-16 13:12:17.845609][rtabmap-4][STDERR]          at line 294 in ./src/buffer_core.cpp
[2025-10-16 13:12:17.846176][icp_odometry-3][STDERR] Warning: TF_OLD_DATA ignoring data from the past for frame odom at time 0.100000 according to authority Authority undetectable
[2025-10-16 13:12:17.846176][icp_odometry-3][STDERR] Possible reasons are listed at http://wiki.ros.org/tf/Errors%20explained
[2025-10-16 13:12:17.846176][icp_odometry-3][STDERR]          at line 294 in ./src/buffer_core.cpp
[2025-10-16 13:12:17.895581][rtabmap-4][STDERR] Warning: TF_OLD_DATA ignoring data from the past for frame odom at time 0.100000 according to authority Authority undetectable
[2025-10-16 13:12:17.895581][rtabmap-4][STDERR] Possible reasons are listed at http://wiki.ros.org/tf/Errors%20explained
[2025-10-16 13:12:17.895581][rtabmap-4][STDERR]          at line 294 in ./src/buffer_core.cpp
[2025-10-16 13:12:17.895958][icp_odometry-3][STDERR] Warning: TF_OLD_DATA ignoring data from the past for frame odom at time 0.100000 according to authority Authority undetectable
[2025-10-16 13:12:17.895958][icp_odometry-3][STDERR] Possible reasons are listed at http://wiki.ros.org/tf/Errors%20explained
[2025-10-16 13:12:17.895958][icp_odometry-3][STDERR]          at line 294 in ./src/buffer_core.cpp
[2025-10-16 13:12:17.945568][icp_odometry-3][STDERR] Warning: TF_OLD_DATA ignoring data from the past for frame odom at time 0.100000 according to authority Authority undetectable
[2025-10-16 13:12:17.945568][icp_odometry-3][STDERR] Possible reasons are listed at http://wiki.ros.org/tf/Errors%20explained
[2025-10-16 13:12:17.945568][icp_odometry-3][STDERR]          at line 294 in ./src/buffer_core.cpp
[2025-10-16 13:12:17.945957][rtabmap-4][STDERR] Warning: TF_OLD_DATA ignoring data from the past for frame odom at time 0.100000 according to authority Authority undetectable
[2025-10-16 13:12:17.945957][rtabmap-4][STDERR] Possible reasons are listed at http://wiki.ros.org/tf/Errors%20explained
[2025-10-16 13:12:17.945957][rtabmap-4][STDERR]          at line 294 in ./src/buffer_core.cpp
[2025-10-16 13:12:17.995709][rtabmap-4][STDERR] Warning: TF_OLD_DATA ignoring data from the past for frame odom at time 0.100000 according to authority Authority undetectable
[2025-10-16 13:12:17.995709][rtabmap-4][STDERR] Possible reasons are listed at http://wiki.ros.org/tf/Errors%20explained
[2025-10-16 13:12:17.995709][rtabmap-4][STDERR]          at line 294 in ./src/buffer_core.cpp
[2025-10-16 13:12:17.996187][icp_odometry-3][STDERR] Warning: TF_OLD_DATA ignoring data from the past for frame odom at time 0.100000 according to authority Authority undetectable
[2025-10-16 13:12:17.996187][icp_odometry-3][STDERR] Possible reasons are listed at http://wiki.ros.org/tf/Errors%20explained
[2025-10-16 13:12:17.996187][icp_odometry-3][STDERR]          at line 294 in ./src/buffer_core.cpp
[2025-10-16 13:12:18.045714][icp_odometry-3][STDERR] Warning: TF_OLD_DATA ignoring data from the past for frame odom at time 0.100000 according to authority Authority undetectable
[2025-10-16 13:12:18.045714][icp_odometry-3][STDERR] Possible reasons are listed at http://wiki.ros.org/tf/Errors%20explained
[2025-10-16 13:12:18.045714][icp_odometry-3][STDERR]          at line 294 in ./src/buffer_core.cpp
[2025-10-16 13:12:18.046244][rtabmap-4][STDERR] Warning: TF_OLD_DATA ignoring data from the past for frame odom at time 0.100000 according to authority Authority undetectable
[2025-10-16 13:12:18.046244][rtabmap-4][STDERR] Possible reasons are listed at http://wiki.ros.org/tf/Errors%20explained
[2025-10-16 13:12:18.046244][rtabmap-4][STDERR]          at line 294 in ./src/buffer_core.cpp
[2025-10-16 13:12:18.095581][icp_odometry-3][STDERR] Warning: TF_OLD_DATA ignoring data from the past for frame odom at time 0.100000 according to authority Authority undetectable
[2025-10-16 13:12:18.095581][icp_odometry-3][STDERR] Possible reasons are listed at http://wiki.ros.org/tf/Errors%20explained
[2025-10-16 13:12:18.095581][icp_odometry-3][STDERR]          at line 294 in ./src/buffer_core.cpp
[2025-10-16 13:12:18.096046][rtabmap-4][STDERR] Warning: TF_OLD_DATA ignoring data from the past for frame odom at time 0.100000 according to authority Authority undetectable
[2025-10-16 13:12:18.096046][rtabmap-4][STDERR] Possible reasons are listed at http://wiki.ros.org/tf/Errors%20explained
[2025-10-16 13:12:18.096046][rtabmap-4][STDERR]          at line 294 in ./src/buffer_core.cpp
[2025-10-16 13:12:18.145473][icp_odometry-3][STDERR] Warning: TF_OLD_DATA ignoring data from the past for frame odom at time 0.100000 according to authority Authority undetectable
[2025-10-16 13:12:18.145473][icp_odometry-3][STDERR] Possible reasons are listed at http://wiki.ros.org/tf/Errors%20explained
[2025-10-16 13:12:18.145473][icp_odometry-3][STDERR]          at line 294 in ./src/buffer_core.cpp
[2025-10-16 13:12:18.145872][rtabmap-4][STDERR] Warning: TF_OLD_DATA ignoring data from the past for frame odom at time 0.100000 according to authority Authority undetectable
[2025-10-16 13:12:18.145872][rtabmap-4][STDERR] Possible reasons are listed at http://wiki.ros.org/tf/Errors%20explained
[2025-10-16 13:12:18.145872][rtabmap-4][STDERR]          at line 294 in ./src/buffer_core.cpp
[2025-10-16 13:12:18.196500][icp_odometry-3][STDERR] Warning: TF_OLD_DATA ignoring data from the past for frame odom at time 0.100000 according to authority Authority undetectable
[2025-10-16 13:12:18.196500][icp_odometry-3][STDERR] Possible reasons are listed at http://wiki.ros.org/tf/Errors%20explained
[2025-10-16 13:12:18.196500][icp_odometry-3][STDERR]          at line 294 in ./src/buffer_core.cpp
[2025-10-16 13:12:18.198022][rtabmap-4][STDERR] Warning: TF_OLD_DATA ignoring data from the past for frame odom at time 0.100000 according to authority Authority undetectable
[2025-10-16 13:12:18.198022][rtabmap-4][STDERR] Possible reasons are listed at http://wiki.ros.org/tf/Errors%20explained
[2025-10-16 13:12:18.198022][rtabmap-4][STDERR]          at line 294 in ./src/buffer_core.cpp
[2025-10-16 13:12:18.245606][icp_odometry-3][STDERR] Warning: TF_OLD_DATA ignoring data from the past for frame odom at time 0.100000 according to authority Authority undetectable
[2025-10-16 13:12:18.245606][icp_odometry-3][STDERR] Possible reasons are listed at http://wiki.ros.org/tf/Errors%20explained
[2025-10-16 13:12:18.245606][icp_odometry-3][STDERR]          at line 294 in ./src/buffer_core.cpp
[2025-10-16 13:12:18.246128][rtabmap-4][STDERR] Warning: TF_OLD_DATA ignoring data from the past for frame odom at time 0.100000 according to authority Authority undetectable
[2025-10-16 13:12:18.246128][rtabmap-4][STDERR] Possible reasons are listed at http://wiki.ros.org/tf/Errors%20explained
[2025-10-16 13:12:18.246128][rtabmap-4][STDERR]          at line 294 in ./src/buffer_core.cpp
[2025-10-16 13:12:18.295494][icp_odometry-3][STDERR] Warning: TF_OLD_DATA ignoring data from the past for frame odom at time 0.100000 according to authority Authority undetectable
[2025-10-16 13:12:18.295494][icp_odometry-3][STDERR] Possible reasons are listed at http://wiki.ros.org/tf/Errors%20explained
[2025-10-16 13:12:18.295494][icp_odometry-3][STDERR]          at line 294 in ./src/buffer_core.cpp
[2025-10-16 13:12:18.295952][rtabmap-4][STDERR] Warning: TF_OLD_DATA ignoring data from the past for frame odom at time 0.100000 according to authority Authority undetectable
[2025-10-16 13:12:18.295952][rtabmap-4][STDERR] Possible reasons are listed at http://wiki.ros.org/tf/Errors%20explained
[2025-10-16 13:12:18.295952][rtabmap-4][STDERR]          at line 294 in ./src/buffer_core.cpp
[2025-10-16 13:12:18.345681][rtabmap-4][STDERR] Warning: TF_OLD_DATA ignoring data from the past for frame odom at time 0.100000 according to authority Authority undetectable
[2025-10-16 13:12:18.345681][rtabmap-4][STDERR] Possible reasons are listed at http://wiki.ros.org/tf/Errors%20explained
[2025-10-16 13:12:18.345681][rtabmap-4][STDERR]          at line 294 in ./src/buffer_core.cpp
[2025-10-16 13:12:18.346188][icp_odometry-3][STDERR] Warning: TF_OLD_DATA ignoring data from the past for frame odom at time 0.100000 according to authority Authority undetectable
[2025-10-16 13:12:18.346188][icp_odometry-3][STDERR] Possible reasons are listed at http://wiki.ros.org/tf/Errors%20explained
[2025-10-16 13:12:18.346188][icp_odometry-3][STDERR]          at line 294 in ./src/buffer_core.cpp
[2025-10-16 13:12:18.395708][icp_odometry-3][STDERR] Warning: TF_OLD_DATA ignoring data from the past for frame odom at time 0.100000 according to authority Authority undetectable
[2025-10-16 13:12:18.395708][icp_odometry-3][STDERR] Possible reasons are listed at http://wiki.ros.org/tf/Errors%20explained
[2025-10-16 13:12:18.395708][icp_odometry-3][STDERR]          at line 294 in ./src/buffer_core.cpp
[2025-10-16 13:12:18.396301][rtabmap-4][STDERR] Warning: TF_OLD_DATA ignoring data from the past for frame odom at time 0.100000 according to authority Authority undetectable
[2025-10-16 13:12:18.396301][rtabmap-4][STDERR] Possible reasons are listed at http://wiki.ros.org/tf/Errors%20explained
[2025-10-16 13:12:18.396301][rtabmap-4][STDERR]          at line 294 in ./src/buffer_core.cpp
[2025-10-16 13:12:18.445504][icp_odometry-3][STDERR] Warning: TF_OLD_DATA ignoring data from the past for frame odom at time 0.100000 according to authority Authority undetectable
[2025-10-16 13:12:18.445504][icp_odometry-3][STDERR] Possible reasons are listed at http://wiki.ros.org/tf/Errors%20explained
[2025-10-16 13:12:18.445504][icp_odometry-3][STDERR]          at line 294 in ./src/buffer_core.cpp
[2025-10-16 13:12:18.445950][rtabmap-4][STDERR] Warning: TF_OLD_DATA ignoring data from the past for frame odom at time 0.100000 according to authority Authority undetectable
[2025-10-16 13:12:18.445950][rtabmap-4][STDERR] Possible reasons are listed at http://wiki.ros.org/tf/Errors%20explained
[2025-10-16 13:12:18.445950][rtabmap-4][STDERR]          at line 294 in ./src/buffer_core.cpp
[2025-10-16 13:12:18.495566][rtabmap-4][STDERR] Warning: TF_OLD_DATA ignoring data from the past for frame odom at time 0.100000 according to authority Authority undetectable
[2025-10-16 13:12:18.495566][rtabmap-4][STDERR] Possible reasons are listed at http://wiki.ros.org/tf/Errors%20explained
[2025-10-16 13:12:18.495566][rtabmap-4][STDERR]          at line 294 in ./src/buffer_core.cpp
[2025-10-16 13:12:18.496033][icp_odometry-3][STDERR] Warning: TF_OLD_DATA ignoring data from the past for frame odom at time 0.100000 according to authority Authority undetectable
[2025-10-16 13:12:18.496033][icp_odometry-3][STDERR] Possible reasons are listed at http://wiki.ros.org/tf/Errors%20explained
[2025-10-16 13:12:18.496033][icp_odometry-3][STDERR]          at line 294 in ./src/buffer_core.cpp
[2025-10-16 13:12:18.545597][rtabmap-4][STDERR] Warning: TF_OLD_DATA ignoring data from the past for frame odom at time 0.100000 according to authority Authority undetectable
[2025-10-16 13:12:18.545597][rtabmap-4][STDERR] Possible reasons are listed at http://wiki.ros.org/tf/Errors%20explained
[2025-10-16 13:12:18.545597][rtabmap-4][STDERR]          at line 294 in ./src/buffer_core.cpp
[2025-10-16 13:12:18.546131][icp_odometry-3][STDERR] Warning: TF_OLD_DATA ignoring data from the past for frame odom at time 0.100000 according to authority Authority undetectable
[2025-10-16 13:12:18.546131][icp_odometry-3][STDERR] Possible reasons are listed at http://wiki.ros.org/tf/Errors%20explained
[2025-10-16 13:12:18.546131][icp_odometry-3][STDERR]          at line 294 in ./src/buffer_core.cpp
[2025-10-16 13:12:18.595527][icp_odometry-3][STDERR] Warning: TF_OLD_DATA ignoring data from the past for frame odom at time 0.100000 according to authority Authority undetectable
[2025-10-16 13:12:18.595527][icp_odometry-3][STDERR] Possible reasons are listed at http://wiki.ros.org/tf/Errors%20explained
[2025-10-16 13:12:18.595527][icp_odometry-3][STDERR]          at line 294 in ./src/buffer_core.cpp
[2025-10-16 13:12:18.596013][rtabmap-4][STDERR] Warning: TF_OLD_DATA ignoring data from the past for frame odom at time 0.100000 according to authority Authority undetectable
[2025-10-16 13:12:18.596013][rtabmap-4][STDERR] Possible reasons are listed at http://wiki.ros.org/tf/Errors%20explained
[2025-10-16 13:12:18.596013][rtabmap-4][STDERR]          at line 294 in ./src/buffer_core.cpp
[2025-10-16 13:12:18.645615][icp_odometry-3][STDERR] Warning: TF_OLD_DATA ignoring data from the past for frame odom at time 0.100000 according to authority Authority undetectable
[2025-10-16 13:12:18.645615][icp_odometry-3][STDERR] Possible reasons are listed at http://wiki.ros.org/tf/Errors%20explained
[2025-10-16 13:12:18.645615][icp_odometry-3][STDERR]          at line 294 in ./src/buffer_core.cpp
[2025-10-16 13:12:18.646191][rtabmap-4][STDERR] Warning: TF_OLD_DATA ignoring data from the past for frame odom at time 0.100000 according to authority Authority undetectable
[2025-10-16 13:12:18.646191][rtabmap-4][STDERR] Possible reasons are listed at http://wiki.ros.org/tf/Errors%20explained
[2025-10-16 13:12:18.646191][rtabmap-4][STDERR]          at line 294 in ./src/buffer_core.cpp
[2025-10-16 13:12:18.695475][icp_odometry-3][STDERR] Warning: TF_OLD_DATA ignoring data from the past for frame odom at time 0.100000 according to authority Authority undetectable
[2025-10-16 13:12:18.695475][icp_odometry-3][STDERR] Possible reasons are listed at http://wiki.ros.org/tf/Errors%20explained
[2025-10-16 13:12:18.695475][icp_odometry-3][STDERR]          at line 294 in ./src/buffer_core.cpp
[2025-10-16 13:12:18.695941][rtabmap-4][STDERR] Warning: TF_OLD_DATA ignoring data from the past for frame odom at time 0.100000 according to authority Authority undetectable
[2025-10-16 13:12:18.695941][rtabmap-4][STDERR] Possible reasons are listed at http://wiki.ros.org/tf/Errors%20explained
[2025-10-16 13:12:18.695941][rtabmap-4][STDERR]          at line 294 in ./src/buffer_core.cpp
[2025-10-16 13:12:18.745549][icp_odometry-3][STDERR] Warning: TF_OLD_DATA ignoring data from the past for frame odom at time 0.100000 according to authority Authority undetectable
[2025-10-16 13:12:18.745549][icp_odometry-3][STDERR] Possible reasons are listed at http://wiki.ros.org/tf/Errors%20explained
[2025-10-16 13:12:18.745549][icp_odometry-3][STDERR]          at line 294 in ./src/buffer_core.cpp
[2025-10-16 13:12:18.746063][rtabmap-4][STDERR] Warning: TF_OLD_DATA ignoring data from the past for frame odom at time 0.100000 according to authority Authority undetectable
[2025-10-16 13:12:18.746063][rtabmap-4][STDERR] Possible reasons are listed at http://wiki.ros.org/tf/Errors%20explained
[2025-10-16 13:12:18.746063][rtabmap-4][STDERR]          at line 294 in ./src/buffer_core.cpp
[2025-10-16 13:12:18.795631][rtabmap-4][STDERR] Warning: TF_OLD_DATA ignoring data from the past for frame odom at time 0.100000 according to authority Authority undetectable
[2025-10-16 13:12:18.795631][rtabmap-4][STDERR] Possible reasons are listed at http://wiki.ros.org/tf/Errors%20explained
[2025-10-16 13:12:18.795631][rtabmap-4][STDERR]          at line 294 in ./src/buffer_core.cpp
[2025-10-16 13:12:18.796212][icp_odometry-3][STDERR] Warning: TF_OLD_DATA ignoring data from the past for frame odom at time 0.100000 according to authority Authority undetectable
[2025-10-16 13:12:18.796212][icp_odometry-3][STDERR] Possible reasons are listed at http://wiki.ros.org/tf/Errors%20explained
[2025-10-16 13:12:18.796212][icp_odometry-3][STDERR]          at line 294 in ./src/buffer_core.cpp
[2025-10-16 13:12:18.845746][rtabmap-4][STDERR] Warning: TF_OLD_DATA ignoring data from the past for frame odom at time 0.100000 according to authority Authority undetectable
[2025-10-16 13:12:18.845746][rtabmap-4][STDERR] Possible reasons are listed at http://wiki.ros.org/tf/Errors%20explained
[2025-10-16 13:12:18.845746][rtabmap-4][STDERR]          at line 294 in ./src/buffer_core.cpp
[2025-10-16 13:12:18.846332][icp_odometry-3][STDERR] Warning: TF_OLD_DATA ignoring data from the past for frame odom at time 0.100000 according to authority Authority undetectable
[2025-10-16 13:12:18.846332][icp_odometry-3][STDERR] Possible reasons are listed at http://wiki.ros.org/tf/Errors%20explained
[2025-10-16 13:12:18.846332][icp_odometry-3][STDERR]          at line 294 in ./src/buffer_core.cpp
[2025-10-16 13:12:18.895565][icp_odometry-3][STDERR] Warning: TF_OLD_DATA ignoring data from the past for frame odom at time 0.100000 according to authority Authority undetectable
[2025-10-16 13:12:18.895565][icp_odometry-3][STDERR] Possible reasons are listed at http://wiki.ros.org/tf/Errors%20explained
[2025-10-16 13:12:18.895565][icp_odometry-3][STDERR]          at line 294 in ./src/buffer_core.cpp
[2025-10-16 13:12:18.896063][rtabmap-4][STDERR] Warning: TF_OLD_DATA ignoring data from the past for frame odom at time 0.100000 according to authority Authority undetectable
[2025-10-16 13:12:18.896063][rtabmap-4][STDERR] Possible reasons are listed at http://wiki.ros.org/tf/Errors%20explained
[2025-10-16 13:12:18.896063][rtabmap-4][STDERR]          at line 294 in ./src/buffer_core.cpp
[2025-10-16 13:12:18.945526][icp_odometry-3][STDERR] Warning: TF_OLD_DATA ignoring data from the past for frame odom at time 0.100000 according to authority Authority undetectable
[2025-10-16 13:12:18.945526][icp_odometry-3][STDERR] Possible reasons are listed at http://wiki.ros.org/tf/Errors%20explained
[2025-10-16 13:12:18.945526][icp_odometry-3][STDERR]          at line 294 in ./src/buffer_core.cpp
[2025-10-16 13:12:18.945946][rtabmap-4][STDERR] Warning: TF_OLD_DATA ignoring data from the past for frame odom at time 0.100000 according to authority Authority undetectable
[2025-10-16 13:12:18.945946][rtabmap-4][STDERR] Possible reasons are listed at http://wiki.ros.org/tf/Errors%20explained
[2025-10-16 13:12:18.945946][rtabmap-4][STDERR]          at line 294 in ./src/buffer_core.cpp
[2025-10-16 13:12:18.995546][rtabmap-4][STDERR] Warning: TF_OLD_DATA ignoring data from the past for frame odom at time 0.100000 according to authority Authority undetectable
[2025-10-16 13:12:18.995546][rtabmap-4][STDERR] Possible reasons are listed at http://wiki.ros.org/tf/Errors%20explained
[2025-10-16 13:12:18.995546][rtabmap-4][STDERR]          at line 294 in ./src/buffer_core.cpp
[2025-10-16 13:12:18.996003][icp_odometry-3][STDERR] Warning: TF_OLD_DATA ignoring data from the past for frame odom at time 0.100000 according to authority Authority undetectable
[2025-10-16 13:12:18.996003][icp_odometry-3][STDERR] Possible reasons are listed at http://wiki.ros.org/tf/Errors%20explained
[2025-10-16 13:12:18.996003][icp_odometry-3][STDERR]          at line 294 in ./src/buffer_core.cpp
[2025-10-16 13:12:19.045537][icp_odometry-3][STDERR] Warning: TF_OLD_DATA ignoring data from the past for frame odom at time 0.100000 according to authority Authority undetectable
[2025-10-16 13:12:19.045537][icp_odometry-3][STDERR] Possible reasons are listed at http://wiki.ros.org/tf/Errors%20explained
[2025-10-16 13:12:19.045537][icp_odometry-3][STDERR]          at line 294 in ./src/buffer_core.cpp
[2025-10-16 13:12:19.045978][rtabmap-4][STDERR] Warning: TF_OLD_DATA ignoring data from the past for frame odom at time 0.100000 according to authority Authority undetectable
[2025-10-16 13:12:19.045978][rtabmap-4][STDERR] Possible reasons are listed at http://wiki.ros.org/tf/Errors%20explained
[2025-10-16 13:12:19.045978][rtabmap-4][STDERR]          at line 294 in ./src/buffer_core.cpp
[2025-10-16 13:12:19.095474][icp_odometry-3][STDERR] Warning: TF_OLD_DATA ignoring data from the past for frame odom at time 0.100000 according to authority Authority undetectable
[2025-10-16 13:12:19.095474][icp_odometry-3][STDERR] Possible reasons are listed at http://wiki.ros.org/tf/Errors%20explained
[2025-10-16 13:12:19.095474][icp_odometry-3][STDERR]          at line 294 in ./src/buffer_core.cpp
[2025-10-16 13:12:19.095886][rtabmap-4][STDERR] Warning: TF_OLD_DATA ignoring data from the past for frame odom at time 0.100000 according to authority Authority undetectable
[2025-10-16 13:12:19.095886][rtabmap-4][STDERR] Possible reasons are listed at http://wiki.ros.org/tf/Errors%20explained
[2025-10-16 13:12:19.095886][rtabmap-4][STDERR]          at line 294 in ./src/buffer_core.cpp
[2025-10-16 13:12:19.145578][icp_odometry-3][STDERR] Warning: TF_OLD_DATA ignoring data from the past for frame odom at time 0.100000 according to authority Authority undetectable
[2025-10-16 13:12:19.145578][icp_odometry-3][STDERR] Possible reasons are listed at http://wiki.ros.org/tf/Errors%20explained
[2025-10-16 13:12:19.145578][icp_odometry-3][STDERR]          at line 294 in ./src/buffer_core.cpp
[2025-10-16 13:12:19.145983][rtabmap-4][STDERR] Warning: TF_OLD_DATA ignoring data from the past for frame odom at time 0.100000 according to authority Authority undetectable
[2025-10-16 13:12:19.145983][rtabmap-4][STDERR] Possible reasons are listed at http://wiki.ros.org/tf/Errors%20explained
[2025-10-16 13:12:19.145983][rtabmap-4][STDERR]          at line 294 in ./src/buffer_core.cpp
[2025-10-16 13:12:19.195620][rtabmap-4][STDERR] Warning: TF_OLD_DATA ignoring data from the past for frame odom at time 0.100000 according to authority Authority undetectable
[2025-10-16 13:12:19.195620][rtabmap-4][STDERR] Possible reasons are listed at http://wiki.ros.org/tf/Errors%20explained
[2025-10-16 13:12:19.195620][rtabmap-4][STDERR]          at line 294 in ./src/buffer_core.cpp
[2025-10-16 13:12:19.196323][icp_odometry-3][STDERR] Warning: TF_OLD_DATA ignoring data from the past for frame odom at time 0.100000 according to authority Authority undetectable
[2025-10-16 13:12:19.196323][icp_odometry-3][STDERR] Possible reasons are listed at http://wiki.ros.org/tf/Errors%20explained
[2025-10-16 13:12:19.196323][icp_odometry-3][STDERR]          at line 294 in ./src/buffer_core.cpp
[2025-10-16 13:12:19.245680][icp_odometry-3][STDERR] Warning: TF_OLD_DATA ignoring data from the past for frame odom at time 0.100000 according to authority Authority undetectable
[2025-10-16 13:12:19.245680][icp_odometry-3][STDERR] Possible reasons are listed at http://wiki.ros.org/tf/Errors%20explained
[2025-10-16 13:12:19.245680][icp_odometry-3][STDERR]          at line 294 in ./src/buffer_core.cpp
[2025-10-16 13:12:19.246301][rtabmap-4][STDERR] Warning: TF_OLD_DATA ignoring data from the past for frame odom at time 0.100000 according to authority Authority undetectable
[2025-10-16 13:12:19.246301][rtabmap-4][STDERR] Possible reasons are listed at http://wiki.ros.org/tf/Errors%20explained
[2025-10-16 13:12:19.246301][rtabmap-4][STDERR]          at line 294 in ./src/buffer_core.cpp
[2025-10-16 13:12:19.295696][rtabmap-4][STDERR] Warning: TF_OLD_DATA ignoring data from the past for frame odom at time 0.100000 according to authority Authority undetectable
[2025-10-16 13:12:19.295696][rtabmap-4][STDERR] Possible reasons are listed at http://wiki.ros.org/tf/Errors%20explained
[2025-10-16 13:12:19.295696][rtabmap-4][STDERR]          at line 294 in ./src/buffer_core.cpp
[2025-10-16 13:12:19.296301][icp_odometry-3][STDERR] Warning: TF_OLD_DATA ignoring data from the past for frame odom at time 0.100000 according to authority Authority undetectable
[2025-10-16 13:12:19.296301][icp_odometry-3][STDERR] Possible reasons are listed at http://wiki.ros.org/tf/Errors%20explained
[2025-10-16 13:12:19.296301][icp_odometry-3][STDERR]          at line 294 in ./src/buffer_core.cpp
[2025-10-16 13:12:19.345675][rtabmap-4][STDERR] Warning: TF_OLD_DATA ignoring data from the past for frame odom at time 0.100000 according to authority Authority undetectable
[2025-10-16 13:12:19.345675][rtabmap-4][STDERR] Possible reasons are listed at http://wiki.ros.org/tf/Errors%20explained
[2025-10-16 13:12:19.345675][rtabmap-4][STDERR]          at line 294 in ./src/buffer_core.cpp
[2025-10-16 13:12:19.346307][icp_odometry-3][STDERR] Warning: TF_OLD_DATA ignoring data from the past for frame odom at time 0.100000 according to authority Authority undetectable
[2025-10-16 13:12:19.346307][icp_odometry-3][STDERR] Possible reasons are listed at http://wiki.ros.org/tf/Errors%20explained
[2025-10-16 13:12:19.346307][icp_odometry-3][STDERR]          at line 294 in ./src/buffer_core.cpp
[2025-10-16 13:12:19.395740][rtabmap-4][STDERR] Warning: TF_OLD_DATA ignoring data from the past for frame odom at time 0.100000 according to authority Authority undetectable
[2025-10-16 13:12:19.395740][rtabmap-4][STDERR] Possible reasons are listed at http://wiki.ros.org/tf/Errors%20explained
[2025-10-16 13:12:19.395740][rtabmap-4][STDERR]          at line 294 in ./src/buffer_core.cpp
[2025-10-16 13:12:19.396329][icp_odometry-3][STDERR] Warning: TF_OLD_DATA ignoring data from the past for frame odom at time 0.100000 according to authority Authority undetectable
[2025-10-16 13:12:19.396329][icp_odometry-3][STDERR] Possible reasons are listed at http://wiki.ros.org/tf/Errors%20explained
[2025-10-16 13:12:19.396329][icp_odometry-3][STDERR]          at line 294 in ./src/buffer_core.cpp
[2025-10-16 13:12:19.445751][rtabmap-4][STDERR] Warning: TF_OLD_DATA ignoring data from the past for frame odom at time 0.100000 according to authority Authority undetectable
[2025-10-16 13:12:19.445751][rtabmap-4][STDERR] Possible reasons are listed at http://wiki.ros.org/tf/Errors%20explained
[2025-10-16 13:12:19.445751][rtabmap-4][STDERR]          at line 294 in ./src/buffer_core.cpp
[2025-10-16 13:12:19.446361][icp_odometry-3][STDERR] Warning: TF_OLD_DATA ignoring data from the past for frame odom at time 0.100000 according to authority Authority undetectable
[2025-10-16 13:12:19.446361][icp_odometry-3][STDERR] Possible reasons are listed at http://wiki.ros.org/tf/Errors%20explained
[2025-10-16 13:12:19.446361][icp_odometry-3][STDERR]          at line 294 in ./src/buffer_core.cpp
[2025-10-16 13:12:19.495606][rtabmap-4][STDERR] Warning: TF_OLD_DATA ignoring data from the past for frame odom at time 0.100000 according to authority Authority undetectable
[2025-10-16 13:12:19.495606][rtabmap-4][STDERR] Possible reasons are listed at http://wiki.ros.org/tf/Errors%20explained
[2025-10-16 13:12:19.495606][rtabmap-4][STDERR]          at line 294 in ./src/buffer_core.cpp
[2025-10-16 13:12:19.496075][icp_odometry-3][STDERR] Warning: TF_OLD_DATA ignoring data from the past for frame odom at time 0.100000 according to authority Authority undetectable
[2025-10-16 13:12:19.496075][icp_odometry-3][STDERR] Possible reasons are listed at http://wiki.ros.org/tf/Errors%20explained
[2025-10-16 13:12:19.496075][icp_odometry-3][STDERR]          at line 294 in ./src/buffer_core.cpp
[2025-10-16 13:12:19.545444][icp_odometry-3][STDERR] Warning: TF_OLD_DATA ignoring data from the past for frame odom at time 0.100000 according to authority Authority undetectable
[2025-10-16 13:12:19.545444][icp_odometry-3][STDERR] Possible reasons are listed at http://wiki.ros.org/tf/Errors%20explained
[2025-10-16 13:12:19.545444][icp_odometry-3][STDERR]          at line 294 in ./src/buffer_core.cpp
[2025-10-16 13:12:19.545904][rtabmap-4][STDERR] Warning: TF_OLD_DATA ignoring data from the past for frame odom at time 0.100000 according to authority Authority undetectable
[2025-10-16 13:12:19.545904][rtabmap-4][STDERR] Possible reasons are listed at http://wiki.ros.org/tf/Errors%20explained
[2025-10-16 13:12:19.545904][rtabmap-4][STDERR]          at line 294 in ./src/buffer_core.cpp
[2025-10-16 13:12:19.595530][icp_odometry-3][STDERR] Warning: TF_OLD_DATA ignoring data from the past for frame odom at time 0.100000 according to authority Authority undetectable
[2025-10-16 13:12:19.595530][icp_odometry-3][STDERR] Possible reasons are listed at http://wiki.ros.org/tf/Errors%20explained
[2025-10-16 13:12:19.595530][icp_odometry-3][STDERR]          at line 294 in ./src/buffer_core.cpp
[2025-10-16 13:12:19.596114][rtabmap-4][STDERR] Warning: TF_OLD_DATA ignoring data from the past for frame odom at time 0.100000 according to authority Authority undetectable
[2025-10-16 13:12:19.596114][rtabmap-4][STDERR] Possible reasons are listed at http://wiki.ros.org/tf/Errors%20explained
[2025-10-16 13:12:19.596114][rtabmap-4][STDERR]          at line 294 in ./src/buffer_core.cpp
[2025-10-16 13:12:19.645641][icp_odometry-3][STDERR] Warning: TF_OLD_DATA ignoring data from the past for frame odom at time 0.100000 according to authority Authority undetectable
[2025-10-16 13:12:19.645641][icp_odometry-3][STDERR] Possible reasons are listed at http://wiki.ros.org/tf/Errors%20explained
[2025-10-16 13:12:19.645641][icp_odometry-3][STDERR]          at line 294 in ./src/buffer_core.cpp
[2025-10-16 13:12:19.646184][rtabmap-4][STDERR] Warning: TF_OLD_DATA ignoring data from the past for frame odom at time 0.100000 according to authority Authority undetectable
[2025-10-16 13:12:19.646184][rtabmap-4][STDERR] Possible reasons are listed at http://wiki.ros.org/tf/Errors%20explained
[2025-10-16 13:12:19.646184][rtabmap-4][STDERR]          at line 294 in ./src/buffer_core.cpp
[2025-10-16 13:12:19.695640][icp_odometry-3][STDERR] Warning: TF_OLD_DATA ignoring data from the past for frame odom at time 0.100000 according to authority Authority undetectable
[2025-10-16 13:12:19.695640][icp_odometry-3][STDERR] Possible reasons are listed at http://wiki.ros.org/tf/Errors%20explained
[2025-10-16 13:12:19.695640][icp_odometry-3][STDERR]          at line 294 in ./src/buffer_core.cpp
[2025-10-16 13:12:19.696031][rtabmap-4][STDERR] Warning: TF_OLD_DATA ignoring data from the past for frame odom at time 0.100000 according to authority Authority undetectable
[2025-10-16 13:12:19.696031][rtabmap-4][STDERR] Possible reasons are listed at http://wiki.ros.org/tf/Errors%20explained
[2025-10-16 13:12:19.696031][rtabmap-4][STDERR]          at line 294 in ./src/buffer_core.cpp
[2025-10-16 13:12:19.745629][rtabmap-4][STDERR] Warning: TF_OLD_DATA ignoring data from the past for frame odom at time 0.100000 according to authority Authority undetectable
[2025-10-16 13:12:19.745629][rtabmap-4][STDERR] Possible reasons are listed at http://wiki.ros.org/tf/Errors%20explained
[2025-10-16 13:12:19.745629][rtabmap-4][STDERR]          at line 294 in ./src/buffer_core.cpp
[2025-10-16 13:12:19.746163][icp_odometry-3][STDERR] Warning: TF_OLD_DATA ignoring data from the past for frame odom at time 0.100000 according to authority Authority undetectable
[2025-10-16 13:12:19.746163][icp_odometry-3][STDERR] Possible reasons are listed at http://wiki.ros.org/tf/Errors%20explained
[2025-10-16 13:12:19.746163][icp_odometry-3][STDERR]          at line 294 in ./src/buffer_core.cpp
[2025-10-16 13:12:19.795626][icp_odometry-3][STDERR] Warning: TF_OLD_DATA ignoring data from the past for frame odom at time 0.100000 according to authority Authority undetectable
[2025-10-16 13:12:19.795626][icp_odometry-3][STDERR] Possible reasons are listed at http://wiki.ros.org/tf/Errors%20explained
[2025-10-16 13:12:19.795626][icp_odometry-3][STDERR]          at line 294 in ./src/buffer_core.cpp
[2025-10-16 13:12:19.796109][rtabmap-4][STDERR] Warning: TF_OLD_DATA ignoring data from the past for frame odom at time 0.100000 according to authority Authority undetectable
[2025-10-16 13:12:19.796109][rtabmap-4][STDERR] Possible reasons are listed at http://wiki.ros.org/tf/Errors%20explained
[2025-10-16 13:12:19.796109][rtabmap-4][STDERR]          at line 294 in ./src/buffer_core.cpp
[2025-10-16 13:12:19.832303][stream_server-2][STDERR] [INFO] [1760587939.831936519] [stream_server]: Listening for downlink on 0.0.0.0:5001
[2025-10-16 13:12:19.832670][stream_server-2][STDERR] [INFO] [1760587939.832124441] [stream_server]: Listening for uplink on 0.0.0.0:5000
[2025-10-16 13:12:19.845830][icp_odometry-3][STDERR] Warning: TF_OLD_DATA ignoring data from the past for frame odom at time 0.100000 according to authority Authority undetectable
[2025-10-16 13:12:19.845830][icp_odometry-3][STDERR] Possible reasons are listed at http://wiki.ros.org/tf/Errors%20explained
[2025-10-16 13:12:19.845830][icp_odometry-3][STDERR]          at line 294 in ./src/buffer_core.cpp
[2025-10-16 13:12:19.846357][rtabmap-4][STDERR] Warning: TF_OLD_DATA ignoring data from the past for frame odom at time 0.100000 according to authority Authority undetectable
[2025-10-16 13:12:19.846357][rtabmap-4][STDERR] Possible reasons are listed at http://wiki.ros.org/tf/Errors%20explained
[2025-10-16 13:12:19.846357][rtabmap-4][STDERR]          at line 294 in ./src/buffer_core.cpp
[2025-10-16 13:12:19.895793][rtabmap-4][STDERR] Warning: TF_OLD_DATA ignoring data from the past for frame odom at time 0.100000 according to authority Authority undetectable
[2025-10-16 13:12:19.895793][rtabmap-4][STDERR] Possible reasons are listed at http://wiki.ros.org/tf/Errors%20explained
[2025-10-16 13:12:19.895793][rtabmap-4][STDERR]          at line 294 in ./src/buffer_core.cpp
[2025-10-16 13:12:19.896421][icp_odometry-3][STDERR] Warning: TF_OLD_DATA ignoring data from the past for frame odom at time 0.100000 according to authority Authority undetectable
[2025-10-16 13:12:19.896421][icp_odometry-3][STDERR] Possible reasons are listed at http://wiki.ros.org/tf/Errors%20explained
[2025-10-16 13:12:19.896421][icp_odometry-3][STDERR]          at line 294 in ./src/buffer_core.cpp
[2025-10-16 13:12:19.945729][rtabmap-4][STDERR] Warning: TF_OLD_DATA ignoring data from the past for frame odom at time 0.100000 according to authority Authority undetectable
[2025-10-16 13:12:19.945729][rtabmap-4][STDERR] Possible reasons are listed at http://wiki.ros.org/tf/Errors%20explained
[2025-10-16 13:12:19.945729][rtabmap-4][STDERR]          at line 294 in ./src/buffer_core.cpp
[2025-10-16 13:12:19.946375][icp_odometry-3][STDERR] Warning: TF_OLD_DATA ignoring data from the past for frame odom at time 0.100000 according to authority Authority undetectable
[2025-10-16 13:12:19.946375][icp_odometry-3][STDERR] Possible reasons are listed at http://wiki.ros.org/tf/Errors%20explained
[2025-10-16 13:12:19.946375][icp_odometry-3][STDERR]          at line 294 in ./src/buffer_core.cpp
[2025-10-16 13:12:19.995498][icp_odometry-3][STDERR] Warning: TF_OLD_DATA ignoring data from the past for frame odom at time 0.100000 according to authority Authority undetectable
[2025-10-16 13:12:19.995498][icp_odometry-3][STDERR] Possible reasons are listed at http://wiki.ros.org/tf/Errors%20explained
[2025-10-16 13:12:19.995498][icp_odometry-3][STDERR]          at line 294 in ./src/buffer_core.cpp
[2025-10-16 13:12:19.995824][rtabmap-4][STDERR] Warning: TF_OLD_DATA ignoring data from the past for frame odom at time 0.100000 according to authority Authority undetectable
[2025-10-16 13:12:19.995824][rtabmap-4][STDERR] Possible reasons are listed at http://wiki.ros.org/tf/Errors%20explained
[2025-10-16 13:12:19.995824][rtabmap-4][STDERR]          at line 294 in ./src/buffer_core.cpp
[2025-10-16 13:12:20.045614][icp_odometry-3][STDERR] Warning: TF_OLD_DATA ignoring data from the past for frame odom at time 0.100000 according to authority Authority undetectable
[2025-10-16 13:12:20.045614][icp_odometry-3][STDERR] Possible reasons are listed at http://wiki.ros.org/tf/Errors%20explained
[2025-10-16 13:12:20.045614][icp_odometry-3][STDERR]          at line 294 in ./src/buffer_core.cpp
[2025-10-16 13:12:20.046275][rtabmap-4][STDERR] Warning: TF_OLD_DATA ignoring data from the past for frame odom at time 0.100000 according to authority Authority undetectable
[2025-10-16 13:12:20.046275][rtabmap-4][STDERR] Possible reasons are listed at http://wiki.ros.org/tf/Errors%20explained
[2025-10-16 13:12:20.046275][rtabmap-4][STDERR]          at line 294 in ./src/buffer_core.cpp
[2025-10-16 13:12:20.095734][rtabmap-4][STDERR] Warning: TF_OLD_DATA ignoring data from the past for frame odom at time 0.100000 according to authority Authority undetectable
[2025-10-16 13:12:20.095734][rtabmap-4][STDERR] Possible reasons are listed at http://wiki.ros.org/tf/Errors%20explained
[2025-10-16 13:12:20.095734][rtabmap-4][STDERR]          at line 294 in ./src/buffer_core.cpp
[2025-10-16 13:12:20.096318][icp_odometry-3][STDERR] Warning: TF_OLD_DATA ignoring data from the past for frame odom at time 0.100000 according to authority Authority undetectable
[2025-10-16 13:12:20.096318][icp_odometry-3][STDERR] Possible reasons are listed at http://wiki.ros.org/tf/Errors%20explained
[2025-10-16 13:12:20.096318][icp_odometry-3][STDERR]          at line 294 in ./src/buffer_core.cpp
[2025-10-16 13:12:20.145700][rtabmap-4][STDERR] Warning: TF_OLD_DATA ignoring data from the past for frame odom at time 0.100000 according to authority Authority undetectable
[2025-10-16 13:12:20.145700][rtabmap-4][STDERR] Possible reasons are listed at http://wiki.ros.org/tf/Errors%20explained
[2025-10-16 13:12:20.145700][rtabmap-4][STDERR]          at line 294 in ./src/buffer_core.cpp
[2025-10-16 13:12:20.146233][icp_odometry-3][STDERR] Warning: TF_OLD_DATA ignoring data from the past for frame odom at time 0.100000 according to authority Authority undetectable
[2025-10-16 13:12:20.146233][icp_odometry-3][STDERR] Possible reasons are listed at http://wiki.ros.org/tf/Errors%20explained
[2025-10-16 13:12:20.146233][icp_odometry-3][STDERR]          at line 294 in ./src/buffer_core.cpp
[2025-10-16 13:12:20.195681][rtabmap-4][STDERR] Warning: TF_OLD_DATA ignoring data from the past for frame odom at time 0.100000 according to authority Authority undetectable
[2025-10-16 13:12:20.195681][rtabmap-4][STDERR] Possible reasons are listed at http://wiki.ros.org/tf/Errors%20explained
[2025-10-16 13:12:20.195681][rtabmap-4][STDERR]          at line 294 in ./src/buffer_core.cpp
[2025-10-16 13:12:20.196172][icp_odometry-3][STDERR] Warning: TF_OLD_DATA ignoring data from the past for frame odom at time 0.100000 according to authority Authority undetectable
[2025-10-16 13:12:20.196172][icp_odometry-3][STDERR] Possible reasons are listed at http://wiki.ros.org/tf/Errors%20explained
[2025-10-16 13:12:20.196172][icp_odometry-3][STDERR]          at line 294 in ./src/buffer_core.cpp
[2025-10-16 13:12:20.245771][icp_odometry-3][STDERR] Warning: TF_OLD_DATA ignoring data from the past for frame odom at time 0.100000 according to authority Authority undetectable
[2025-10-16 13:12:20.245771][icp_odometry-3][STDERR] Possible reasons are listed at http://wiki.ros.org/tf/Errors%20explained
[2025-10-16 13:12:20.245771][icp_odometry-3][STDERR]          at line 294 in ./src/buffer_core.cpp
[2025-10-16 13:12:20.246517][rtabmap-4][STDERR] Warning: TF_OLD_DATA ignoring data from the past for frame odom at time 0.100000 according to authority Authority undetectable
[2025-10-16 13:12:20.246517][rtabmap-4][STDERR] Possible reasons are listed at http://wiki.ros.org/tf/Errors%20explained
[2025-10-16 13:12:20.246517][rtabmap-4][STDERR]          at line 294 in ./src/buffer_core.cpp
[2025-10-16 13:12:20.295605][icp_odometry-3][STDERR] Warning: TF_OLD_DATA ignoring data from the past for frame odom at time 0.100000 according to authority Authority undetectable
[2025-10-16 13:12:20.295605][icp_odometry-3][STDERR] Possible reasons are listed at http://wiki.ros.org/tf/Errors%20explained
[2025-10-16 13:12:20.295605][icp_odometry-3][STDERR]          at line 294 in ./src/buffer_core.cpp
[2025-10-16 13:12:20.296044][rtabmap-4][STDERR] Warning: TF_OLD_DATA ignoring data from the past for frame odom at time 0.100000 according to authority Authority undetectable
[2025-10-16 13:12:20.296044][rtabmap-4][STDERR] Possible reasons are listed at http://wiki.ros.org/tf/Errors%20explained
[2025-10-16 13:12:20.296044][rtabmap-4][STDERR]          at line 294 in ./src/buffer_core.cpp
[2025-10-16 13:12:20.345595][icp_odometry-3][STDERR] Warning: TF_OLD_DATA ignoring data from the past for frame odom at time 0.100000 according to authority Authority undetectable
[2025-10-16 13:12:20.345595][icp_odometry-3][STDERR] Possible reasons are listed at http://wiki.ros.org/tf/Errors%20explained
[2025-10-16 13:12:20.345595][icp_odometry-3][STDERR]          at line 294 in ./src/buffer_core.cpp
[2025-10-16 13:12:20.346130][rtabmap-4][STDERR] Warning: TF_OLD_DATA ignoring data from the past for frame odom at time 0.100000 according to authority Authority undetectable
[2025-10-16 13:12:20.346130][rtabmap-4][STDERR] Possible reasons are listed at http://wiki.ros.org/tf/Errors%20explained
[2025-10-16 13:12:20.346130][rtabmap-4][STDERR]          at line 294 in ./src/buffer_core.cpp
[2025-10-16 13:12:20.395588][rtabmap-4][STDERR] Warning: TF_OLD_DATA ignoring data from the past for frame odom at time 0.100000 according to authority Authority undetectable
[2025-10-16 13:12:20.395588][rtabmap-4][STDERR] Possible reasons are listed at http://wiki.ros.org/tf/Errors%20explained
[2025-10-16 13:12:20.395588][rtabmap-4][STDERR]          at line 294 in ./src/buffer_core.cpp
[2025-10-16 13:12:20.395963][icp_odometry-3][STDERR] Warning: TF_OLD_DATA ignoring data from the past for frame odom at time 0.100000 according to authority Authority undetectable
[2025-10-16 13:12:20.395963][icp_odometry-3][STDERR] Possible reasons are listed at http://wiki.ros.org/tf/Errors%20explained
[2025-10-16 13:12:20.395963][icp_odometry-3][STDERR]          at line 294 in ./src/buffer_core.cpp
[2025-10-16 13:12:20.445609][icp_odometry-3][STDERR] Warning: TF_OLD_DATA ignoring data from the past for frame odom at time 0.100000 according to authority Authority undetectable
[2025-10-16 13:12:20.445609][icp_odometry-3][STDERR] Possible reasons are listed at http://wiki.ros.org/tf/Errors%20explained
[2025-10-16 13:12:20.445609][icp_odometry-3][STDERR]          at line 294 in ./src/buffer_core.cpp
[2025-10-16 13:12:20.446128][rtabmap-4][STDERR] Warning: TF_OLD_DATA ignoring data from the past for frame odom at time 0.100000 according to authority Authority undetectable
[2025-10-16 13:12:20.446128][rtabmap-4][STDERR] Possible reasons are listed at http://wiki.ros.org/tf/Errors%20explained
[2025-10-16 13:12:20.446128][rtabmap-4][STDERR]          at line 294 in ./src/buffer_core.cpp
[2025-10-16 13:12:20.495901][icp_odometry-3][STDERR] Warning: TF_OLD_DATA ignoring data from the past for frame odom at time 0.100000 according to authority Authority undetectable
[2025-10-16 13:12:20.495901][icp_odometry-3][STDERR] Possible reasons are listed at http://wiki.ros.org/tf/Errors%20explained
[2025-10-16 13:12:20.495901][icp_odometry-3][STDERR]          at line 294 in ./src/buffer_core.cpp
[2025-10-16 13:12:20.496569][rtabmap-4][STDERR] Warning: TF_OLD_DATA ignoring data from the past for frame odom at time 0.100000 according to authority Authority undetectable
[2025-10-16 13:12:20.496569][rtabmap-4][STDERR] Possible reasons are listed at http://wiki.ros.org/tf/Errors%20explained
[2025-10-16 13:12:20.496569][rtabmap-4][STDERR]          at line 294 in ./src/buffer_core.cpp
[2025-10-16 13:12:20.545467][rtabmap-4][STDERR] Warning: TF_OLD_DATA ignoring data from the past for frame odom at time 0.100000 according to authority Authority undetectable
[2025-10-16 13:12:20.545467][rtabmap-4][STDERR] Possible reasons are listed at http://wiki.ros.org/tf/Errors%20explained
[2025-10-16 13:12:20.545467][rtabmap-4][STDERR]          at line 294 in ./src/buffer_core.cpp
[2025-10-16 13:12:20.546003][icp_odometry-3][STDERR] Warning: TF_OLD_DATA ignoring data from the past for frame odom at time 0.100000 according to authority Authority undetectable
[2025-10-16 13:12:20.546003][icp_odometry-3][STDERR] Possible reasons are listed at http://wiki.ros.org/tf/Errors%20explained
[2025-10-16 13:12:20.546003][icp_odometry-3][STDERR]          at line 294 in ./src/buffer_core.cpp
[2025-10-16 13:12:20.595596][rtabmap-4][STDERR] Warning: TF_OLD_DATA ignoring data from the past for frame odom at time 0.100000 according to authority Authority undetectable
[2025-10-16 13:12:20.595596][rtabmap-4][STDERR] Possible reasons are listed at http://wiki.ros.org/tf/Errors%20explained
[2025-10-16 13:12:20.595596][rtabmap-4][STDERR]          at line 294 in ./src/buffer_core.cpp
[2025-10-16 13:12:20.596123][icp_odometry-3][STDERR] Warning: TF_OLD_DATA ignoring data from the past for frame odom at time 0.100000 according to authority Authority undetectable
[2025-10-16 13:12:20.596123][icp_odometry-3][STDERR] Possible reasons are listed at http://wiki.ros.org/tf/Errors%20explained
[2025-10-16 13:12:20.596123][icp_odometry-3][STDERR]          at line 294 in ./src/buffer_core.cpp
[2025-10-16 13:12:20.645850][rtabmap-4][STDERR] Warning: TF_OLD_DATA ignoring data from the past for frame odom at time 0.100000 according to authority Authority undetectable
[2025-10-16 13:12:20.645850][rtabmap-4][STDERR] Possible reasons are listed at http://wiki.ros.org/tf/Errors%20explained
[2025-10-16 13:12:20.645850][rtabmap-4][STDERR]          at line 294 in ./src/buffer_core.cpp
[2025-10-16 13:12:20.646426][icp_odometry-3][STDERR] Warning: TF_OLD_DATA ignoring data from the past for frame odom at time 0.100000 according to authority Authority undetectable
[2025-10-16 13:12:20.646426][icp_odometry-3][STDERR] Possible reasons are listed at http://wiki.ros.org/tf/Errors%20explained
[2025-10-16 13:12:20.646426][icp_odometry-3][STDERR]          at line 294 in ./src/buffer_core.cpp
[2025-10-16 13:12:20.695760][rtabmap-4][STDERR] Warning: TF_OLD_DATA ignoring data from the past for frame odom at time 0.100000 according to authority Authority undetectable
[2025-10-16 13:12:20.695760][rtabmap-4][STDERR] Possible reasons are listed at http://wiki.ros.org/tf/Errors%20explained
[2025-10-16 13:12:20.695760][rtabmap-4][STDERR]          at line 294 in ./src/buffer_core.cpp
[2025-10-16 13:12:20.696331][icp_odometry-3][STDERR] Warning: TF_OLD_DATA ignoring data from the past for frame odom at time 0.100000 according to authority Authority undetectable
[2025-10-16 13:12:20.696331][icp_odometry-3][STDERR] Possible reasons are listed at http://wiki.ros.org/tf/Errors%20explained
[2025-10-16 13:12:20.696331][icp_odometry-3][STDERR]          at line 294 in ./src/buffer_core.cpp
[2025-10-16 13:12:20.745974][rtabmap-4][STDERR] Warning: TF_OLD_DATA ignoring data from the past for frame odom at time 0.100000 according to authority Authority undetectable
[2025-10-16 13:12:20.745974][rtabmap-4][STDERR] Possible reasons are listed at http://wiki.ros.org/tf/Errors%20explained
[2025-10-16 13:12:20.745974][rtabmap-4][STDERR]          at line 294 in ./src/buffer_core.cpp
[2025-10-16 13:12:20.746591][icp_odometry-3][STDERR] Warning: TF_OLD_DATA ignoring data from the past for frame odom at time 0.100000 according to authority Authority undetectable
[2025-10-16 13:12:20.746591][icp_odometry-3][STDERR] Possible reasons are listed at http://wiki.ros.org/tf/Errors%20explained
[2025-10-16 13:12:20.746591][icp_odometry-3][STDERR]          at line 294 in ./src/buffer_core.cpp
[2025-10-16 13:12:20.795639][icp_odometry-3][STDERR] Warning: TF_OLD_DATA ignoring data from the past for frame odom at time 0.100000 according to authority Authority undetectable
[2025-10-16 13:12:20.795639][icp_odometry-3][STDERR] Possible reasons are listed at http://wiki.ros.org/tf/Errors%20explained
[2025-10-16 13:12:20.795639][icp_odometry-3][STDERR]          at line 294 in ./src/buffer_core.cpp
[2025-10-16 13:12:20.796022][rtabmap-4][STDERR] Warning: TF_OLD_DATA ignoring data from the past for frame odom at time 0.100000 according to authority Authority undetectable
[2025-10-16 13:12:20.796022][rtabmap-4][STDERR] Possible reasons are listed at http://wiki.ros.org/tf/Errors%20explained
[2025-10-16 13:12:20.796022][rtabmap-4][STDERR]          at line 294 in ./src/buffer_core.cpp
[2025-10-16 13:12:20.846087][rtabmap-4][STDERR] Warning: TF_OLD_DATA ignoring data from the past for frame odom at time 0.100000 according to authority Authority undetectable
[2025-10-16 13:12:20.846087][rtabmap-4][STDERR] Possible reasons are listed at http://wiki.ros.org/tf/Errors%20explained
[2025-10-16 13:12:20.846087][rtabmap-4][STDERR]          at line 294 in ./src/buffer_core.cpp
[2025-10-16 13:12:20.846563][icp_odometry-3][STDERR] Warning: TF_OLD_DATA ignoring data from the past for frame odom at time 0.100000 according to authority Authority undetectable
[2025-10-16 13:12:20.846563][icp_odometry-3][STDERR] Possible reasons are listed at http://wiki.ros.org/tf/Errors%20explained
[2025-10-16 13:12:20.846563][icp_odometry-3][STDERR]          at line 294 in ./src/buffer_core.cpp
[2025-10-16 13:12:20.895777][rtabmap-4][STDERR] Warning: TF_OLD_DATA ignoring data from the past for frame odom at time 0.100000 according to authority Authority undetectable
[2025-10-16 13:12:20.895777][rtabmap-4][STDERR] Possible reasons are listed at http://wiki.ros.org/tf/Errors%20explained
[2025-10-16 13:12:20.895777][rtabmap-4][STDERR]          at line 294 in ./src/buffer_core.cpp
[2025-10-16 13:12:20.896274][icp_odometry-3][STDERR] Warning: TF_OLD_DATA ignoring data from the past for frame odom at time 0.100000 according to authority Authority undetectable
[2025-10-16 13:12:20.896274][icp_odometry-3][STDERR] Possible reasons are listed at http://wiki.ros.org/tf/Errors%20explained
[2025-10-16 13:12:20.896274][icp_odometry-3][STDERR]          at line 294 in ./src/buffer_core.cpp
[2025-10-16 13:12:20.945715][icp_odometry-3][STDERR] Warning: TF_OLD_DATA ignoring data from the past for frame odom at time 0.100000 according to authority Authority undetectable
[2025-10-16 13:12:20.945715][icp_odometry-3][STDERR] Possible reasons are listed at http://wiki.ros.org/tf/Errors%20explained
[2025-10-16 13:12:20.945715][icp_odometry-3][STDERR]          at line 294 in ./src/buffer_core.cpp
[2025-10-16 13:12:20.946107][rtabmap-4][STDERR] Warning: TF_OLD_DATA ignoring data from the past for frame odom at time 0.100000 according to authority Authority undetectable
[2025-10-16 13:12:20.946107][rtabmap-4][STDERR] Possible reasons are listed at http://wiki.ros.org/tf/Errors%20explained
[2025-10-16 13:12:20.946107][rtabmap-4][STDERR]          at line 294 in ./src/buffer_core.cpp
[2025-10-16 13:12:20.995875][icp_odometry-3][STDERR] Warning: TF_OLD_DATA ignoring data from the past for frame odom at time 0.100000 according to authority Authority undetectable
[2025-10-16 13:12:20.995875][icp_odometry-3][STDERR] Possible reasons are listed at http://wiki.ros.org/tf/Errors%20explained
[2025-10-16 13:12:20.995875][icp_odometry-3][STDERR]          at line 294 in ./src/buffer_core.cpp
[2025-10-16 13:12:20.996499][rtabmap-4][STDERR] Warning: TF_OLD_DATA ignoring data from the past for frame odom at time 0.100000 according to authority Authority undetectable
[2025-10-16 13:12:20.996499][rtabmap-4][STDERR] Possible reasons are listed at http://wiki.ros.org/tf/Errors%20explained
[2025-10-16 13:12:20.996499][rtabmap-4][STDERR]          at line 294 in ./src/buffer_core.cpp
[2025-10-16 13:12:21.045893][icp_odometry-3][STDERR] Warning: TF_OLD_DATA ignoring data from the past for frame odom at time 0.100000 according to authority Authority undetectable
[2025-10-16 13:12:21.045893][icp_odometry-3][STDERR] Possible reasons are listed at http://wiki.ros.org/tf/Errors%20explained
[2025-10-16 13:12:21.045893][icp_odometry-3][STDERR]          at line 294 in ./src/buffer_core.cpp
[2025-10-16 13:12:21.046478][rtabmap-4][STDERR] Warning: TF_OLD_DATA ignoring data from the past for frame odom at time 0.100000 according to authority Authority undetectable
[2025-10-16 13:12:21.046478][rtabmap-4][STDERR] Possible reasons are listed at http://wiki.ros.org/tf/Errors%20explained
[2025-10-16 13:12:21.046478][rtabmap-4][STDERR]          at line 294 in ./src/buffer_core.cpp
[2025-10-16 13:12:21.096046][rtabmap-4][STDERR] Warning: TF_OLD_DATA ignoring data from the past for frame odom at time 0.100000 according to authority Authority undetectable
[2025-10-16 13:12:21.096046][rtabmap-4][STDERR] Possible reasons are listed at http://wiki.ros.org/tf/Errors%20explained
[2025-10-16 13:12:21.096046][rtabmap-4][STDERR]          at line 294 in ./src/buffer_core.cpp
[2025-10-16 13:12:21.096639][icp_odometry-3][STDERR] Warning: TF_OLD_DATA ignoring data from the past for frame odom at time 0.100000 according to authority Authority undetectable
[2025-10-16 13:12:21.096639][icp_odometry-3][STDERR] Possible reasons are listed at http://wiki.ros.org/tf/Errors%20explained
[2025-10-16 13:12:21.096639][icp_odometry-3][STDERR]          at line 294 in ./src/buffer_core.cpp
[2025-10-16 13:12:21.146961][icp_odometry-3][STDERR] Warning: TF_OLD_DATA ignoring data from the past for frame odom at time 0.100000 according to authority Authority undetectable
[2025-10-16 13:12:21.146961][icp_odometry-3][STDERR] Possible reasons are listed at http://wiki.ros.org/tf/Errors%20explained
[2025-10-16 13:12:21.146961][icp_odometry-3][STDERR]          at line 294 in ./src/buffer_core.cpp
[2025-10-16 13:12:21.147769][rtabmap-4][STDERR] Warning: TF_OLD_DATA ignoring data from the past for frame odom at time 0.100000 according to authority Authority undetectable
[2025-10-16 13:12:21.147769][rtabmap-4][STDERR] Possible reasons are listed at http://wiki.ros.org/tf/Errors%20explained
[2025-10-16 13:12:21.147769][rtabmap-4][STDERR]          at line 294 in ./src/buffer_core.cpp
[2025-10-16 13:12:21.195666][rtabmap-4][STDERR] Warning: TF_OLD_DATA ignoring data from the past for frame odom at time 0.100000 according to authority Authority undetectable
[2025-10-16 13:12:21.195666][rtabmap-4][STDERR] Possible reasons are listed at http://wiki.ros.org/tf/Errors%20explained
[2025-10-16 13:12:21.195666][rtabmap-4][STDERR]          at line 294 in ./src/buffer_core.cpp
[2025-10-16 13:12:21.196136][icp_odometry-3][STDERR] Warning: TF_OLD_DATA ignoring data from the past for frame odom at time 0.100000 according to authority Authority undetectable
[2025-10-16 13:12:21.196136][icp_odometry-3][STDERR] Possible reasons are listed at http://wiki.ros.org/tf/Errors%20explained
[2025-10-16 13:12:21.196136][icp_odometry-3][STDERR]          at line 294 in ./src/buffer_core.cpp
[2025-10-16 13:12:21.245726][rtabmap-4][STDERR] Warning: TF_OLD_DATA ignoring data from the past for frame odom at time 0.100000 according to authority Authority undetectable
[2025-10-16 13:12:21.245726][rtabmap-4][STDERR] Possible reasons are listed at http://wiki.ros.org/tf/Errors%20explained
[2025-10-16 13:12:21.245726][rtabmap-4][STDERR]          at line 294 in ./src/buffer_core.cpp
[2025-10-16 13:12:21.246258][icp_odometry-3][STDERR] Warning: TF_OLD_DATA ignoring data from the past for frame odom at time 0.100000 according to authority Authority undetectable
[2025-10-16 13:12:21.246258][icp_odometry-3][STDERR] Possible reasons are listed at http://wiki.ros.org/tf/Errors%20explained
[2025-10-16 13:12:21.246258][icp_odometry-3][STDERR]          at line 294 in ./src/buffer_core.cpp
[2025-10-16 13:12:21.295626][rtabmap-4][STDERR] Warning: TF_OLD_DATA ignoring data from the past for frame odom at time 0.100000 according to authority Authority undetectable
[2025-10-16 13:12:21.295626][rtabmap-4][STDERR] Possible reasons are listed at http://wiki.ros.org/tf/Errors%20explained
[2025-10-16 13:12:21.295626][rtabmap-4][STDERR]          at line 294 in ./src/buffer_core.cpp
[2025-10-16 13:12:21.296255][icp_odometry-3][STDERR] Warning: TF_OLD_DATA ignoring data from the past for frame odom at time 0.100000 according to authority Authority undetectable
[2025-10-16 13:12:21.296255][icp_odometry-3][STDERR] Possible reasons are listed at http://wiki.ros.org/tf/Errors%20explained
[2025-10-16 13:12:21.296255][icp_odometry-3][STDERR]          at line 294 in ./src/buffer_core.cpp
[2025-10-16 13:12:21.345580][icp_odometry-3][STDERR] Warning: TF_OLD_DATA ignoring data from the past for frame odom at time 0.100000 according to authority Authority undetectable
[2025-10-16 13:12:21.345580][icp_odometry-3][STDERR] Possible reasons are listed at http://wiki.ros.org/tf/Errors%20explained
[2025-10-16 13:12:21.345580][icp_odometry-3][STDERR]          at line 294 in ./src/buffer_core.cpp
[2025-10-16 13:12:21.345952][rtabmap-4][STDERR] Warning: TF_OLD_DATA ignoring data from the past for frame odom at time 0.100000 according to authority Authority undetectable
[2025-10-16 13:12:21.345952][rtabmap-4][STDERR] Possible reasons are listed at http://wiki.ros.org/tf/Errors%20explained
[2025-10-16 13:12:21.345952][rtabmap-4][STDERR]          at line 294 in ./src/buffer_core.cpp
[2025-10-16 13:12:21.395503][rtabmap-4][STDERR] Warning: TF_OLD_DATA ignoring data from the past for frame odom at time 0.100000 according to authority Authority undetectable
[2025-10-16 13:12:21.395503][rtabmap-4][STDERR] Possible reasons are listed at http://wiki.ros.org/tf/Errors%20explained
[2025-10-16 13:12:21.395503][rtabmap-4][STDERR]          at line 294 in ./src/buffer_core.cpp
[2025-10-16 13:12:21.395868][icp_odometry-3][STDERR] Warning: TF_OLD_DATA ignoring data from the past for frame odom at time 0.100000 according to authority Authority undetectable
[2025-10-16 13:12:21.395868][icp_odometry-3][STDERR] Possible reasons are listed at http://wiki.ros.org/tf/Errors%20explained
[2025-10-16 13:12:21.395868][icp_odometry-3][STDERR]          at line 294 in ./src/buffer_core.cpp
[2025-10-16 13:12:21.445609][rtabmap-4][STDERR] Warning: TF_OLD_DATA ignoring data from the past for frame odom at time 0.100000 according to authority Authority undetectable
[2025-10-16 13:12:21.445609][rtabmap-4][STDERR] Possible reasons are listed at http://wiki.ros.org/tf/Errors%20explained
[2025-10-16 13:12:21.445609][rtabmap-4][STDERR]          at line 294 in ./src/buffer_core.cpp
[2025-10-16 13:12:21.446110][icp_odometry-3][STDERR] Warning: TF_OLD_DATA ignoring data from the past for frame odom at time 0.100000 according to authority Authority undetectable
[2025-10-16 13:12:21.446110][icp_odometry-3][STDERR] Possible reasons are listed at http://wiki.ros.org/tf/Errors%20explained
[2025-10-16 13:12:21.446110][icp_odometry-3][STDERR]          at line 294 in ./src/buffer_core.cpp
[2025-10-16 13:12:21.495659][rtabmap-4][STDERR] Warning: TF_OLD_DATA ignoring data from the past for frame odom at time 0.100000 according to authority Authority undetectable
[2025-10-16 13:12:21.495659][rtabmap-4][STDERR] Possible reasons are listed at http://wiki.ros.org/tf/Errors%20explained
[2025-10-16 13:12:21.495659][rtabmap-4][STDERR]          at line 294 in ./src/buffer_core.cpp
[2025-10-16 13:12:21.496203][icp_odometry-3][STDERR] Warning: TF_OLD_DATA ignoring data from the past for frame odom at time 0.100000 according to authority Authority undetectable
[2025-10-16 13:12:21.496203][icp_odometry-3][STDERR] Possible reasons are listed at http://wiki.ros.org/tf/Errors%20explained
[2025-10-16 13:12:21.496203][icp_odometry-3][STDERR]          at line 294 in ./src/buffer_core.cpp
[2025-10-16 13:12:21.545605][icp_odometry-3][STDERR] Warning: TF_OLD_DATA ignoring data from the past for frame odom at time 0.100000 according to authority Authority undetectable
[2025-10-16 13:12:21.545605][icp_odometry-3][STDERR] Possible reasons are listed at http://wiki.ros.org/tf/Errors%20explained
[2025-10-16 13:12:21.545605][icp_odometry-3][STDERR]          at line 294 in ./src/buffer_core.cpp
[2025-10-16 13:12:21.546215][rtabmap-4][STDERR] Warning: TF_OLD_DATA ignoring data from the past for frame odom at time 0.100000 according to authority Authority undetectable
[2025-10-16 13:12:21.546215][rtabmap-4][STDERR] Possible reasons are listed at http://wiki.ros.org/tf/Errors%20explained
[2025-10-16 13:12:21.546215][rtabmap-4][STDERR]          at line 294 in ./src/buffer_core.cpp
[2025-10-16 13:12:21.596874][icp_odometry-3][STDERR] Warning: TF_OLD_DATA ignoring data from the past for frame odom at time 0.100000 according to authority Authority undetectable
[2025-10-16 13:12:21.596874][icp_odometry-3][STDERR] Possible reasons are listed at http://wiki.ros.org/tf/Errors%20explained
[2025-10-16 13:12:21.596874][icp_odometry-3][STDERR]          at line 294 in ./src/buffer_core.cpp
[2025-10-16 13:12:21.597334][rtabmap-4][STDERR] Warning: TF_OLD_DATA ignoring data from the past for frame odom at time 0.100000 according to authority Authority undetectable
[2025-10-16 13:12:21.597334][rtabmap-4][STDERR] Possible reasons are listed at http://wiki.ros.org/tf/Errors%20explained
[2025-10-16 13:12:21.597334][rtabmap-4][STDERR]          at line 294 in ./src/buffer_core.cpp
[2025-10-16 13:12:21.645645][icp_odometry-3][STDERR] Warning: TF_OLD_DATA ignoring data from the past for frame odom at time 0.100000 according to authority Authority undetectable
[2025-10-16 13:12:21.645645][icp_odometry-3][STDERR] Possible reasons are listed at http://wiki.ros.org/tf/Errors%20explained
[2025-10-16 13:12:21.645645][icp_odometry-3][STDERR]          at line 294 in ./src/buffer_core.cpp
[2025-10-16 13:12:21.646151][rtabmap-4][STDERR] Warning: TF_OLD_DATA ignoring data from the past for frame odom at time 0.100000 according to authority Authority undetectable
[2025-10-16 13:12:21.646151][rtabmap-4][STDERR] Possible reasons are listed at http://wiki.ros.org/tf/Errors%20explained
[2025-10-16 13:12:21.646151][rtabmap-4][STDERR]          at line 294 in ./src/buffer_core.cpp
[2025-10-16 13:12:21.695604][rtabmap-4][STDERR] Warning: TF_OLD_DATA ignoring data from the past for frame odom at time 0.100000 according to authority Authority undetectable
[2025-10-16 13:12:21.695604][rtabmap-4][STDERR] Possible reasons are listed at http://wiki.ros.org/tf/Errors%20explained
[2025-10-16 13:12:21.695604][rtabmap-4][STDERR]          at line 294 in ./src/buffer_core.cpp
[2025-10-16 13:12:21.696202][icp_odometry-3][STDERR] Warning: TF_OLD_DATA ignoring data from the past for frame odom at time 0.100000 according to authority Authority undetectable
[2025-10-16 13:12:21.696202][icp_odometry-3][STDERR] Possible reasons are listed at http://wiki.ros.org/tf/Errors%20explained
[2025-10-16 13:12:21.696202][icp_odometry-3][STDERR]          at line 294 in ./src/buffer_core.cpp
[2025-10-16 13:12:21.745822][icp_odometry-3][STDERR] Warning: TF_OLD_DATA ignoring data from the past for frame odom at time 0.100000 according to authority Authority undetectable
[2025-10-16 13:12:21.745822][icp_odometry-3][STDERR] Possible reasons are listed at http://wiki.ros.org/tf/Errors%20explained
[2025-10-16 13:12:21.745822][icp_odometry-3][STDERR]          at line 294 in ./src/buffer_core.cpp
[2025-10-16 13:12:21.746404][rtabmap-4][STDERR] Warning: TF_OLD_DATA ignoring data from the past for frame odom at time 0.100000 according to authority Authority undetectable
[2025-10-16 13:12:21.746404][rtabmap-4][STDERR] Possible reasons are listed at http://wiki.ros.org/tf/Errors%20explained
[2025-10-16 13:12:21.746404][rtabmap-4][STDERR]          at line 294 in ./src/buffer_core.cpp
[2025-10-16 13:12:21.795854][rtabmap-4][STDERR] Warning: TF_OLD_DATA ignoring data from the past for frame odom at time 0.100000 according to authority Authority undetectable
[2025-10-16 13:12:21.795854][rtabmap-4][STDERR] Possible reasons are listed at http://wiki.ros.org/tf/Errors%20explained
[2025-10-16 13:12:21.795854][rtabmap-4][STDERR]          at line 294 in ./src/buffer_core.cpp
[2025-10-16 13:12:21.796392][icp_odometry-3][STDERR] Warning: TF_OLD_DATA ignoring data from the past for frame odom at time 0.100000 according to authority Authority undetectable
[2025-10-16 13:12:21.796392][icp_odometry-3][STDERR] Possible reasons are listed at http://wiki.ros.org/tf/Errors%20explained
[2025-10-16 13:12:21.796392][icp_odometry-3][STDERR]          at line 294 in ./src/buffer_core.cpp
[2025-10-16 13:12:21.845549][rtabmap-4][STDERR] Warning: TF_OLD_DATA ignoring data from the past for frame odom at time 0.100000 according to authority Authority undetectable
[2025-10-16 13:12:21.845549][rtabmap-4][STDERR] Possible reasons are listed at http://wiki.ros.org/tf/Errors%20explained
[2025-10-16 13:12:21.845549][rtabmap-4][STDERR]          at line 294 in ./src/buffer_core.cpp
[2025-10-16 13:12:21.845971][icp_odometry-3][STDERR] Warning: TF_OLD_DATA ignoring data from the past for frame odom at time 0.100000 according to authority Authority undetectable
[2025-10-16 13:12:21.845971][icp_odometry-3][STDERR] Possible reasons are listed at http://wiki.ros.org/tf/Errors%20explained
[2025-10-16 13:12:21.845971][icp_odometry-3][STDERR]          at line 294 in ./src/buffer_core.cpp
[2025-10-16 13:12:21.895875][icp_odometry-3][STDERR] Warning: TF_OLD_DATA ignoring data from the past for frame odom at time 0.100000 according to authority Authority undetectable
[2025-10-16 13:12:21.895875][icp_odometry-3][STDERR] Possible reasons are listed at http://wiki.ros.org/tf/Errors%20explained
[2025-10-16 13:12:21.895875][icp_odometry-3][STDERR]          at line 294 in ./src/buffer_core.cpp
[2025-10-16 13:12:21.896512][rtabmap-4][STDERR] Warning: TF_OLD_DATA ignoring data from the past for frame odom at time 0.100000 according to authority Authority undetectable
[2025-10-16 13:12:21.896512][rtabmap-4][STDERR] Possible reasons are listed at http://wiki.ros.org/tf/Errors%20explained
[2025-10-16 13:12:21.896512][rtabmap-4][STDERR]          at line 294 in ./src/buffer_core.cpp
[2025-10-16 13:12:21.945827][rtabmap-4][STDERR] Warning: TF_OLD_DATA ignoring data from the past for frame odom at time 0.100000 according to authority Authority undetectable
[2025-10-16 13:12:21.945827][rtabmap-4][STDERR] Possible reasons are listed at http://wiki.ros.org/tf/Errors%20explained
[2025-10-16 13:12:21.945827][rtabmap-4][STDERR]          at line 294 in ./src/buffer_core.cpp
[2025-10-16 13:12:21.946367][icp_odometry-3][STDERR] Warning: TF_OLD_DATA ignoring data from the past for frame odom at time 0.100000 according to authority Authority undetectable
[2025-10-16 13:12:21.946367][icp_odometry-3][STDERR] Possible reasons are listed at http://wiki.ros.org/tf/Errors%20explained
[2025-10-16 13:12:21.946367][icp_odometry-3][STDERR]          at line 294 in ./src/buffer_core.cpp
[2025-10-16 13:12:21.995898][icp_odometry-3][STDERR] Warning: TF_OLD_DATA ignoring data from the past for frame odom at time 0.100000 according to authority Authority undetectable
[2025-10-16 13:12:21.995898][icp_odometry-3][STDERR] Possible reasons are listed at http://wiki.ros.org/tf/Errors%20explained
[2025-10-16 13:12:21.995898][icp_odometry-3][STDERR]          at line 294 in ./src/buffer_core.cpp
[2025-10-16 13:12:21.996398][rtabmap-4][STDERR] Warning: TF_OLD_DATA ignoring data from the past for frame odom at time 0.100000 according to authority Authority undetectable
[2025-10-16 13:12:21.996398][rtabmap-4][STDERR] Possible reasons are listed at http://wiki.ros.org/tf/Errors%20explained
[2025-10-16 13:12:21.996398][rtabmap-4][STDERR]          at line 294 in ./src/buffer_core.cpp
[2025-10-16 13:12:22.046056][icp_odometry-3][STDERR] Warning: TF_OLD_DATA ignoring data from the past for frame odom at time 0.100000 according to authority Authority undetectable
[2025-10-16 13:12:22.046056][icp_odometry-3][STDERR] Possible reasons are listed at http://wiki.ros.org/tf/Errors%20explained
[2025-10-16 13:12:22.046056][icp_odometry-3][STDERR]          at line 294 in ./src/buffer_core.cpp
[2025-10-16 13:12:22.046638][rtabmap-4][STDERR] Warning: TF_OLD_DATA ignoring data from the past for frame odom at time 0.100000 according to authority Authority undetectable
[2025-10-16 13:12:22.046638][rtabmap-4][STDERR] Possible reasons are listed at http://wiki.ros.org/tf/Errors%20explained
[2025-10-16 13:12:22.046638][rtabmap-4][STDERR]          at line 294 in ./src/buffer_core.cpp
[2025-10-16 13:12:22.096098][rtabmap-4][STDERR] Warning: TF_OLD_DATA ignoring data from the past for frame odom at time 0.100000 according to authority Authority undetectable
[2025-10-16 13:12:22.096098][rtabmap-4][STDERR] Possible reasons are listed at http://wiki.ros.org/tf/Errors%20explained
[2025-10-16 13:12:22.096098][rtabmap-4][STDERR]          at line 294 in ./src/buffer_core.cpp
[2025-10-16 13:12:22.096720][icp_odometry-3][STDERR] Warning: TF_OLD_DATA ignoring data from the past for frame odom at time 0.100000 according to authority Authority undetectable
[2025-10-16 13:12:22.096720][icp_odometry-3][STDERR] Possible reasons are listed at http://wiki.ros.org/tf/Errors%20explained
[2025-10-16 13:12:22.096720][icp_odometry-3][STDERR]          at line 294 in ./src/buffer_core.cpp
[2025-10-16 13:12:22.145754][icp_odometry-3][STDERR] Warning: TF_OLD_DATA ignoring data from the past for frame odom at time 0.100000 according to authority Authority undetectable
[2025-10-16 13:12:22.145754][icp_odometry-3][STDERR] Possible reasons are listed at http://wiki.ros.org/tf/Errors%20explained
[2025-10-16 13:12:22.145754][icp_odometry-3][STDERR]          at line 294 in ./src/buffer_core.cpp
[2025-10-16 13:12:22.146349][rtabmap-4][STDERR] Warning: TF_OLD_DATA ignoring data from the past for frame odom at time 0.100000 according to authority Authority undetectable
[2025-10-16 13:12:22.146349][rtabmap-4][STDERR] Possible reasons are listed at http://wiki.ros.org/tf/Errors%20explained
[2025-10-16 13:12:22.146349][rtabmap-4][STDERR]          at line 294 in ./src/buffer_core.cpp
[2025-10-16 13:12:22.195690][rtabmap-4][STDERR] Warning: TF_OLD_DATA ignoring data from the past for frame odom at time 0.100000 according to authority Authority undetectable
[2025-10-16 13:12:22.195690][rtabmap-4][STDERR] Possible reasons are listed at http://wiki.ros.org/tf/Errors%20explained
[2025-10-16 13:12:22.195690][rtabmap-4][STDERR]          at line 294 in ./src/buffer_core.cpp
[2025-10-16 13:12:22.196173][icp_odometry-3][STDERR] Warning: TF_OLD_DATA ignoring data from the past for frame odom at time 0.100000 according to authority Authority undetectable
[2025-10-16 13:12:22.196173][icp_odometry-3][STDERR] Possible reasons are listed at http://wiki.ros.org/tf/Errors%20explained
[2025-10-16 13:12:22.196173][icp_odometry-3][STDERR]          at line 294 in ./src/buffer_core.cpp
[2025-10-16 13:12:22.245674][rtabmap-4][STDERR] Warning: TF_OLD_DATA ignoring data from the past for frame odom at time 0.100000 according to authority Authority undetectable
[2025-10-16 13:12:22.245674][rtabmap-4][STDERR] Possible reasons are listed at http://wiki.ros.org/tf/Errors%20explained
[2025-10-16 13:12:22.245674][rtabmap-4][STDERR]          at line 294 in ./src/buffer_core.cpp
[2025-10-16 13:12:22.246280][icp_odometry-3][STDERR] Warning: TF_OLD_DATA ignoring data from the past for frame odom at time 0.100000 according to authority Authority undetectable
[2025-10-16 13:12:22.246280][icp_odometry-3][STDERR] Possible reasons are listed at http://wiki.ros.org/tf/Errors%20explained
[2025-10-16 13:12:22.246280][icp_odometry-3][STDERR]          at line 294 in ./src/buffer_core.cpp
[2025-10-16 13:12:22.295791][icp_odometry-3][STDERR] Warning: TF_OLD_DATA ignoring data from the past for frame odom at time 0.100000 according to authority Authority undetectable
[2025-10-16 13:12:22.295791][icp_odometry-3][STDERR] Possible reasons are listed at http://wiki.ros.org/tf/Errors%20explained
[2025-10-16 13:12:22.295791][icp_odometry-3][STDERR]          at line 294 in ./src/buffer_core.cpp
[2025-10-16 13:12:22.296410][rtabmap-4][STDERR] Warning: TF_OLD_DATA ignoring data from the past for frame odom at time 0.100000 according to authority Authority undetectable
[2025-10-16 13:12:22.296410][rtabmap-4][STDERR] Possible reasons are listed at http://wiki.ros.org/tf/Errors%20explained
[2025-10-16 13:12:22.296410][rtabmap-4][STDERR]          at line 294 in ./src/buffer_core.cpp
[2025-10-16 13:12:22.345993][rtabmap-4][STDERR] Warning: TF_OLD_DATA ignoring data from the past for frame odom at time 0.100000 according to authority Authority undetectable
[2025-10-16 13:12:22.345993][rtabmap-4][STDERR] Possible reasons are listed at http://wiki.ros.org/tf/Errors%20explained
[2025-10-16 13:12:22.345993][rtabmap-4][STDERR]          at line 294 in ./src/buffer_core.cpp
[2025-10-16 13:12:22.346653][icp_odometry-3][STDERR] Warning: TF_OLD_DATA ignoring data from the past for frame odom at time 0.100000 according to authority Authority undetectable
[2025-10-16 13:12:22.346653][icp_odometry-3][STDERR] Possible reasons are listed at http://wiki.ros.org/tf/Errors%20explained
[2025-10-16 13:12:22.346653][icp_odometry-3][STDERR]          at line 294 in ./src/buffer_core.cpp
[2025-10-16 13:12:22.395602][icp_odometry-3][STDERR] Warning: TF_OLD_DATA ignoring data from the past for frame odom at time 0.100000 according to authority Authority undetectable
[2025-10-16 13:12:22.395602][icp_odometry-3][STDERR] Possible reasons are listed at http://wiki.ros.org/tf/Errors%20explained
[2025-10-16 13:12:22.395602][icp_odometry-3][STDERR]          at line 294 in ./src/buffer_core.cpp
[2025-10-16 13:12:22.396003][rtabmap-4][STDERR] Warning: TF_OLD_DATA ignoring data from the past for frame odom at time 0.100000 according to authority Authority undetectable
[2025-10-16 13:12:22.396003][rtabmap-4][STDERR] Possible reasons are listed at http://wiki.ros.org/tf/Errors%20explained
[2025-10-16 13:12:22.396003][rtabmap-4][STDERR]          at line 294 in ./src/buffer_core.cpp
[2025-10-16 13:12:22.445724][icp_odometry-3][STDERR] Warning: TF_OLD_DATA ignoring data from the past for frame odom at time 0.100000 according to authority Authority undetectable
[2025-10-16 13:12:22.445724][icp_odometry-3][STDERR] Possible reasons are listed at http://wiki.ros.org/tf/Errors%20explained
[2025-10-16 13:12:22.445724][icp_odometry-3][STDERR]          at line 294 in ./src/buffer_core.cpp
[2025-10-16 13:12:22.446209][rtabmap-4][STDERR] Warning: TF_OLD_DATA ignoring data from the past for frame odom at time 0.100000 according to authority Authority undetectable
[2025-10-16 13:12:22.446209][rtabmap-4][STDERR] Possible reasons are listed at http://wiki.ros.org/tf/Errors%20explained
[2025-10-16 13:12:22.446209][rtabmap-4][STDERR]          at line 294 in ./src/buffer_core.cpp
[2025-10-16 13:12:22.495654][icp_odometry-3][STDERR] Warning: TF_OLD_DATA ignoring data from the past for frame odom at time 0.100000 according to authority Authority undetectable
[2025-10-16 13:12:22.495654][icp_odometry-3][STDERR] Possible reasons are listed at http://wiki.ros.org/tf/Errors%20explained
[2025-10-16 13:12:22.495654][icp_odometry-3][STDERR]          at line 294 in ./src/buffer_core.cpp
[2025-10-16 13:12:22.496081][rtabmap-4][STDERR] Warning: TF_OLD_DATA ignoring data from the past for frame odom at time 0.100000 according to authority Authority undetectable
[2025-10-16 13:12:22.496081][rtabmap-4][STDERR] Possible reasons are listed at http://wiki.ros.org/tf/Errors%20explained
[2025-10-16 13:12:22.496081][rtabmap-4][STDERR]          at line 294 in ./src/buffer_core.cpp
[2025-10-16 13:12:22.545549][rtabmap-4][STDERR] Warning: TF_OLD_DATA ignoring data from the past for frame odom at time 0.100000 according to authority Authority undetectable
[2025-10-16 13:12:22.545549][rtabmap-4][STDERR] Possible reasons are listed at http://wiki.ros.org/tf/Errors%20explained
[2025-10-16 13:12:22.545549][rtabmap-4][STDERR]          at line 294 in ./src/buffer_core.cpp
[2025-10-16 13:12:22.546011][icp_odometry-3][STDERR] Warning: TF_OLD_DATA ignoring data from the past for frame odom at time 0.100000 according to authority Authority undetectable
[2025-10-16 13:12:22.546011][icp_odometry-3][STDERR] Possible reasons are listed at http://wiki.ros.org/tf/Errors%20explained
[2025-10-16 13:12:22.546011][icp_odometry-3][STDERR]          at line 294 in ./src/buffer_core.cpp
[2025-10-16 13:12:22.595793][rtabmap-4][STDERR] Warning: TF_OLD_DATA ignoring data from the past for frame odom at time 0.100000 according to authority Authority undetectable
[2025-10-16 13:12:22.595793][rtabmap-4][STDERR] Possible reasons are listed at http://wiki.ros.org/tf/Errors%20explained
[2025-10-16 13:12:22.595793][rtabmap-4][STDERR]          at line 294 in ./src/buffer_core.cpp
[2025-10-16 13:12:22.596305][icp_odometry-3][STDERR] Warning: TF_OLD_DATA ignoring data from the past for frame odom at time 0.100000 according to authority Authority undetectable
[2025-10-16 13:12:22.596305][icp_odometry-3][STDERR] Possible reasons are listed at http://wiki.ros.org/tf/Errors%20explained
[2025-10-16 13:12:22.596305][icp_odometry-3][STDERR]          at line 294 in ./src/buffer_core.cpp
[2025-10-16 13:12:22.645829][rtabmap-4][STDERR] Warning: TF_OLD_DATA ignoring data from the past for frame odom at time 0.100000 according to authority Authority undetectable
[2025-10-16 13:12:22.645829][rtabmap-4][STDERR] Possible reasons are listed at http://wiki.ros.org/tf/Errors%20explained
[2025-10-16 13:12:22.645829][rtabmap-4][STDERR]          at line 294 in ./src/buffer_core.cpp
[2025-10-16 13:12:22.646324][icp_odometry-3][STDERR] Warning: TF_OLD_DATA ignoring data from the past for frame odom at time 0.100000 according to authority Authority undetectable
[2025-10-16 13:12:22.646324][icp_odometry-3][STDERR] Possible reasons are listed at http://wiki.ros.org/tf/Errors%20explained
[2025-10-16 13:12:22.646324][icp_odometry-3][STDERR]          at line 294 in ./src/buffer_core.cpp
[2025-10-16 13:12:22.695970][rtabmap-4][STDERR] Warning: TF_OLD_DATA ignoring data from the past for frame odom at time 0.100000 according to authority Authority undetectable
[2025-10-16 13:12:22.695970][rtabmap-4][STDERR] Possible reasons are listed at http://wiki.ros.org/tf/Errors%20explained
[2025-10-16 13:12:22.695970][rtabmap-4][STDERR]          at line 294 in ./src/buffer_core.cpp
[2025-10-16 13:12:22.696479][icp_odometry-3][STDERR] Warning: TF_OLD_DATA ignoring data from the past for frame odom at time 0.100000 according to authority Authority undetectable
[2025-10-16 13:12:22.696479][icp_odometry-3][STDERR] Possible reasons are listed at http://wiki.ros.org/tf/Errors%20explained
[2025-10-16 13:12:22.696479][icp_odometry-3][STDERR]          at line 294 in ./src/buffer_core.cpp
[2025-10-16 13:12:22.745973][rtabmap-4][STDERR] Warning: TF_OLD_DATA ignoring data from the past for frame odom at time 0.100000 according to authority Authority undetectable
[2025-10-16 13:12:22.745973][rtabmap-4][STDERR] Possible reasons are listed at http://wiki.ros.org/tf/Errors%20explained
[2025-10-16 13:12:22.745973][rtabmap-4][STDERR]          at line 294 in ./src/buffer_core.cpp
[2025-10-16 13:12:22.746518][icp_odometry-3][STDERR] Warning: TF_OLD_DATA ignoring data from the past for frame odom at time 0.100000 according to authority Authority undetectable
[2025-10-16 13:12:22.746518][icp_odometry-3][STDERR] Possible reasons are listed at http://wiki.ros.org/tf/Errors%20explained
[2025-10-16 13:12:22.746518][icp_odometry-3][STDERR]          at line 294 in ./src/buffer_core.cpp
[2025-10-16 13:12:22.795568][rtabmap-4][STDERR] Warning: TF_OLD_DATA ignoring data from the past for frame odom at time 0.100000 according to authority Authority undetectable
[2025-10-16 13:12:22.795568][rtabmap-4][STDERR] Possible reasons are listed at http://wiki.ros.org/tf/Errors%20explained
[2025-10-16 13:12:22.795568][rtabmap-4][STDERR]          at line 294 in ./src/buffer_core.cpp
[2025-10-16 13:12:22.796093][icp_odometry-3][STDERR] Warning: TF_OLD_DATA ignoring data from the past for frame odom at time 0.100000 according to authority Authority undetectable
[2025-10-16 13:12:22.796093][icp_odometry-3][STDERR] Possible reasons are listed at http://wiki.ros.org/tf/Errors%20explained
[2025-10-16 13:12:22.796093][icp_odometry-3][STDERR]          at line 294 in ./src/buffer_core.cpp
[2025-10-16 13:12:22.845633][rtabmap-4][STDERR] Warning: TF_OLD_DATA ignoring data from the past for frame odom at time 0.100000 according to authority Authority undetectable
[2025-10-16 13:12:22.845633][rtabmap-4][STDERR] Possible reasons are listed at http://wiki.ros.org/tf/Errors%20explained
[2025-10-16 13:12:22.845633][rtabmap-4][STDERR]          at line 294 in ./src/buffer_core.cpp
[2025-10-16 13:12:22.846249][icp_odometry-3][STDERR] Warning: TF_OLD_DATA ignoring data from the past for frame odom at time 0.100000 according to authority Authority undetectable
[2025-10-16 13:12:22.846249][icp_odometry-3][STDERR] Possible reasons are listed at http://wiki.ros.org/tf/Errors%20explained
[2025-10-16 13:12:22.846249][icp_odometry-3][STDERR]          at line 294 in ./src/buffer_core.cpp
[2025-10-16 13:12:22.895976][icp_odometry-3][STDERR] Warning: TF_OLD_DATA ignoring data from the past for frame odom at time 0.100000 according to authority Authority undetectable
[2025-10-16 13:12:22.895976][icp_odometry-3][STDERR] Possible reasons are listed at http://wiki.ros.org/tf/Errors%20explained
[2025-10-16 13:12:22.895976][icp_odometry-3][STDERR]          at line 294 in ./src/buffer_core.cpp
[2025-10-16 13:12:22.896523][rtabmap-4][STDERR] Warning: TF_OLD_DATA ignoring data from the past for frame odom at time 0.100000 according to authority Authority undetectable
[2025-10-16 13:12:22.896523][rtabmap-4][STDERR] Possible reasons are listed at http://wiki.ros.org/tf/Errors%20explained
[2025-10-16 13:12:22.896523][rtabmap-4][STDERR]          at line 294 in ./src/buffer_core.cpp
[2025-10-16 13:12:22.945907][rtabmap-4][STDERR] Warning: TF_OLD_DATA ignoring data from the past for frame odom at time 0.100000 according to authority Authority undetectable
[2025-10-16 13:12:22.945907][rtabmap-4][STDERR] Possible reasons are listed at http://wiki.ros.org/tf/Errors%20explained
[2025-10-16 13:12:22.945907][rtabmap-4][STDERR]          at line 294 in ./src/buffer_core.cpp
[2025-10-16 13:12:22.946447][icp_odometry-3][STDERR] Warning: TF_OLD_DATA ignoring data from the past for frame odom at time 0.100000 according to authority Authority undetectable
[2025-10-16 13:12:22.946447][icp_odometry-3][STDERR] Possible reasons are listed at http://wiki.ros.org/tf/Errors%20explained
[2025-10-16 13:12:22.946447][icp_odometry-3][STDERR]          at line 294 in ./src/buffer_core.cpp
[2025-10-16 13:12:22.995864][icp_odometry-3][STDERR] Warning: TF_OLD_DATA ignoring data from the past for frame odom at time 0.100000 according to authority Authority undetectable
[2025-10-16 13:12:22.995864][icp_odometry-3][STDERR] Possible reasons are listed at http://wiki.ros.org/tf/Errors%20explained
[2025-10-16 13:12:22.995864][icp_odometry-3][STDERR]          at line 294 in ./src/buffer_core.cpp
[2025-10-16 13:12:22.996449][rtabmap-4][STDERR] Warning: TF_OLD_DATA ignoring data from the past for frame odom at time 0.100000 according to authority Authority undetectable
[2025-10-16 13:12:22.996449][rtabmap-4][STDERR] Possible reasons are listed at http://wiki.ros.org/tf/Errors%20explained
[2025-10-16 13:12:22.996449][rtabmap-4][STDERR]          at line 294 in ./src/buffer_core.cpp
[2025-10-16 13:12:23.045758][icp_odometry-3][STDERR] Warning: TF_OLD_DATA ignoring data from the past for frame odom at time 0.100000 according to authority Authority undetectable
[2025-10-16 13:12:23.045758][icp_odometry-3][STDERR] Possible reasons are listed at http://wiki.ros.org/tf/Errors%20explained
[2025-10-16 13:12:23.045758][icp_odometry-3][STDERR]          at line 294 in ./src/buffer_core.cpp
[2025-10-16 13:12:23.046418][rtabmap-4][STDERR] Warning: TF_OLD_DATA ignoring data from the past for frame odom at time 0.100000 according to authority Authority undetectable
[2025-10-16 13:12:23.046418][rtabmap-4][STDERR] Possible reasons are listed at http://wiki.ros.org/tf/Errors%20explained
[2025-10-16 13:12:23.046418][rtabmap-4][STDERR]          at line 294 in ./src/buffer_core.cpp
[2025-10-16 13:12:23.095745][icp_odometry-3][STDERR] Warning: TF_OLD_DATA ignoring data from the past for frame odom at time 0.100000 according to authority Authority undetectable
[2025-10-16 13:12:23.095745][icp_odometry-3][STDERR] Possible reasons are listed at http://wiki.ros.org/tf/Errors%20explained
[2025-10-16 13:12:23.095745][icp_odometry-3][STDERR]          at line 294 in ./src/buffer_core.cpp
[2025-10-16 13:12:23.096201][rtabmap-4][STDERR] Warning: TF_OLD_DATA ignoring data from the past for frame odom at time 0.100000 according to authority Authority undetectable
[2025-10-16 13:12:23.096201][rtabmap-4][STDERR] Possible reasons are listed at http://wiki.ros.org/tf/Errors%20explained
[2025-10-16 13:12:23.096201][rtabmap-4][STDERR]          at line 294 in ./src/buffer_core.cpp
[2025-10-16 13:12:23.146007][icp_odometry-3][STDERR] Warning: TF_OLD_DATA ignoring data from the past for frame odom at time 0.100000 according to authority Authority undetectable
[2025-10-16 13:12:23.146007][icp_odometry-3][STDERR] Possible reasons are listed at http://wiki.ros.org/tf/Errors%20explained
[2025-10-16 13:12:23.146007][icp_odometry-3][STDERR]          at line 294 in ./src/buffer_core.cpp
[2025-10-16 13:12:23.146755][rtabmap-4][STDERR] Warning: TF_OLD_DATA ignoring data from the past for frame odom at time 0.100000 according to authority Authority undetectable
[2025-10-16 13:12:23.146755][rtabmap-4][STDERR] Possible reasons are listed at http://wiki.ros.org/tf/Errors%20explained
[2025-10-16 13:12:23.146755][rtabmap-4][STDERR]          at line 294 in ./src/buffer_core.cpp
[2025-10-16 13:12:23.195538][rtabmap-4][STDERR] Warning: TF_OLD_DATA ignoring data from the past for frame odom at time 0.100000 according to authority Authority undetectable
[2025-10-16 13:12:23.195538][rtabmap-4][STDERR] Possible reasons are listed at http://wiki.ros.org/tf/Errors%20explained
[2025-10-16 13:12:23.195538][rtabmap-4][STDERR]          at line 294 in ./src/buffer_core.cpp
[2025-10-16 13:12:23.195900][icp_odometry-3][STDERR] Warning: TF_OLD_DATA ignoring data from the past for frame odom at time 0.100000 according to authority Authority undetectable
[2025-10-16 13:12:23.195900][icp_odometry-3][STDERR] Possible reasons are listed at http://wiki.ros.org/tf/Errors%20explained
[2025-10-16 13:12:23.195900][icp_odometry-3][STDERR]          at line 294 in ./src/buffer_core.cpp
[2025-10-16 13:12:23.245863][rtabmap-4][STDERR] Warning: TF_OLD_DATA ignoring data from the past for frame odom at time 0.100000 according to authority Authority undetectable
[2025-10-16 13:12:23.245863][rtabmap-4][STDERR] Possible reasons are listed at http://wiki.ros.org/tf/Errors%20explained
[2025-10-16 13:12:23.245863][rtabmap-4][STDERR]          at line 294 in ./src/buffer_core.cpp
[2025-10-16 13:12:23.246402][icp_odometry-3][STDERR] Warning: TF_OLD_DATA ignoring data from the past for frame odom at time 0.100000 according to authority Authority undetectable
[2025-10-16 13:12:23.246402][icp_odometry-3][STDERR] Possible reasons are listed at http://wiki.ros.org/tf/Errors%20explained
[2025-10-16 13:12:23.246402][icp_odometry-3][STDERR]          at line 294 in ./src/buffer_core.cpp
[2025-10-16 13:12:23.295810][rtabmap-4][STDERR] Warning: TF_OLD_DATA ignoring data from the past for frame odom at time 0.100000 according to authority Authority undetectable
[2025-10-16 13:12:23.295810][rtabmap-4][STDERR] Possible reasons are listed at http://wiki.ros.org/tf/Errors%20explained
[2025-10-16 13:12:23.295810][rtabmap-4][STDERR]          at line 294 in ./src/buffer_core.cpp
[2025-10-16 13:12:23.296290][icp_odometry-3][STDERR] Warning: TF_OLD_DATA ignoring data from the past for frame odom at time 0.100000 according to authority Authority undetectable
[2025-10-16 13:12:23.296290][icp_odometry-3][STDERR] Possible reasons are listed at http://wiki.ros.org/tf/Errors%20explained
[2025-10-16 13:12:23.296290][icp_odometry-3][STDERR]          at line 294 in ./src/buffer_core.cpp
[2025-10-16 13:12:23.345608][rtabmap-4][STDERR] Warning: TF_OLD_DATA ignoring data from the past for frame odom at time 0.100000 according to authority Authority undetectable
[2025-10-16 13:12:23.345608][rtabmap-4][STDERR] Possible reasons are listed at http://wiki.ros.org/tf/Errors%20explained
[2025-10-16 13:12:23.345608][rtabmap-4][STDERR]          at line 294 in ./src/buffer_core.cpp
[2025-10-16 13:12:23.346087][icp_odometry-3][STDERR] Warning: TF_OLD_DATA ignoring data from the past for frame odom at time 0.100000 according to authority Authority undetectable
[2025-10-16 13:12:23.346087][icp_odometry-3][STDERR] Possible reasons are listed at http://wiki.ros.org/tf/Errors%20explained
[2025-10-16 13:12:23.346087][icp_odometry-3][STDERR]          at line 294 in ./src/buffer_core.cpp
[2025-10-16 13:12:23.395638][icp_odometry-3][STDERR] Warning: TF_OLD_DATA ignoring data from the past for frame odom at time 0.100000 according to authority Authority undetectable
[2025-10-16 13:12:23.395638][icp_odometry-3][STDERR] Possible reasons are listed at http://wiki.ros.org/tf/Errors%20explained
[2025-10-16 13:12:23.395638][icp_odometry-3][STDERR]          at line 294 in ./src/buffer_core.cpp
[2025-10-16 13:12:23.396365][rtabmap-4][STDERR] Warning: TF_OLD_DATA ignoring data from the past for frame odom at time 0.100000 according to authority Authority undetectable
[2025-10-16 13:12:23.396365][rtabmap-4][STDERR] Possible reasons are listed at http://wiki.ros.org/tf/Errors%20explained
[2025-10-16 13:12:23.396365][rtabmap-4][STDERR]          at line 294 in ./src/buffer_core.cpp
[2025-10-16 13:12:23.445596][icp_odometry-3][STDERR] Warning: TF_OLD_DATA ignoring data from the past for frame odom at time 0.100000 according to authority Authority undetectable
[2025-10-16 13:12:23.445596][icp_odometry-3][STDERR] Possible reasons are listed at http://wiki.ros.org/tf/Errors%20explained
[2025-10-16 13:12:23.445596][icp_odometry-3][STDERR]          at line 294 in ./src/buffer_core.cpp
[2025-10-16 13:12:23.446082][rtabmap-4][STDERR] Warning: TF_OLD_DATA ignoring data from the past for frame odom at time 0.100000 according to authority Authority undetectable
[2025-10-16 13:12:23.446082][rtabmap-4][STDERR] Possible reasons are listed at http://wiki.ros.org/tf/Errors%20explained
[2025-10-16 13:12:23.446082][rtabmap-4][STDERR]          at line 294 in ./src/buffer_core.cpp
[2025-10-16 13:12:23.495696][icp_odometry-3][STDERR] Warning: TF_OLD_DATA ignoring data from the past for frame odom at time 0.100000 according to authority Authority undetectable
[2025-10-16 13:12:23.495696][icp_odometry-3][STDERR] Possible reasons are listed at http://wiki.ros.org/tf/Errors%20explained
[2025-10-16 13:12:23.495696][icp_odometry-3][STDERR]          at line 294 in ./src/buffer_core.cpp
[2025-10-16 13:12:23.496210][rtabmap-4][STDERR] Warning: TF_OLD_DATA ignoring data from the past for frame odom at time 0.100000 according to authority Authority undetectable
[2025-10-16 13:12:23.496210][rtabmap-4][STDERR] Possible reasons are listed at http://wiki.ros.org/tf/Errors%20explained
[2025-10-16 13:12:23.496210][rtabmap-4][STDERR]          at line 294 in ./src/buffer_core.cpp
[2025-10-16 13:12:23.545792][icp_odometry-3][STDERR] Warning: TF_OLD_DATA ignoring data from the past for frame odom at time 0.100000 according to authority Authority undetectable
[2025-10-16 13:12:23.545792][icp_odometry-3][STDERR] Possible reasons are listed at http://wiki.ros.org/tf/Errors%20explained
[2025-10-16 13:12:23.545792][icp_odometry-3][STDERR]          at line 294 in ./src/buffer_core.cpp
[2025-10-16 13:12:23.546327][rtabmap-4][STDERR] Warning: TF_OLD_DATA ignoring data from the past for frame odom at time 0.100000 according to authority Authority undetectable
[2025-10-16 13:12:23.546327][rtabmap-4][STDERR] Possible reasons are listed at http://wiki.ros.org/tf/Errors%20explained
[2025-10-16 13:12:23.546327][rtabmap-4][STDERR]          at line 294 in ./src/buffer_core.cpp
[2025-10-16 13:12:23.595557][icp_odometry-3][STDERR] Warning: TF_OLD_DATA ignoring data from the past for frame odom at time 0.100000 according to authority Authority undetectable
[2025-10-16 13:12:23.595557][icp_odometry-3][STDERR] Possible reasons are listed at http://wiki.ros.org/tf/Errors%20explained
[2025-10-16 13:12:23.595557][icp_odometry-3][STDERR]          at line 294 in ./src/buffer_core.cpp
[2025-10-16 13:12:23.595921][rtabmap-4][STDERR] Warning: TF_OLD_DATA ignoring data from the past for frame odom at time 0.100000 according to authority Authority undetectable
[2025-10-16 13:12:23.595921][rtabmap-4][STDERR] Possible reasons are listed at http://wiki.ros.org/tf/Errors%20explained
[2025-10-16 13:12:23.595921][rtabmap-4][STDERR]          at line 294 in ./src/buffer_core.cpp
[2025-10-16 13:12:23.645690][icp_odometry-3][STDERR] Warning: TF_OLD_DATA ignoring data from the past for frame odom at time 0.100000 according to authority Authority undetectable
[2025-10-16 13:12:23.645690][icp_odometry-3][STDERR] Possible reasons are listed at http://wiki.ros.org/tf/Errors%20explained
[2025-10-16 13:12:23.645690][icp_odometry-3][STDERR]          at line 294 in ./src/buffer_core.cpp
[2025-10-16 13:12:23.646296][rtabmap-4][STDERR] Warning: TF_OLD_DATA ignoring data from the past for frame odom at time 0.100000 according to authority Authority undetectable
[2025-10-16 13:12:23.646296][rtabmap-4][STDERR] Possible reasons are listed at http://wiki.ros.org/tf/Errors%20explained
[2025-10-16 13:12:23.646296][rtabmap-4][STDERR]          at line 294 in ./src/buffer_core.cpp
[2025-10-16 13:12:23.695784][rtabmap-4][STDERR] Warning: TF_OLD_DATA ignoring data from the past for frame odom at time 0.100000 according to authority Authority undetectable
[2025-10-16 13:12:23.695784][rtabmap-4][STDERR] Possible reasons are listed at http://wiki.ros.org/tf/Errors%20explained
[2025-10-16 13:12:23.695784][rtabmap-4][STDERR]          at line 294 in ./src/buffer_core.cpp
[2025-10-16 13:12:23.696455][icp_odometry-3][STDERR] Warning: TF_OLD_DATA ignoring data from the past for frame odom at time 0.100000 according to authority Authority undetectable
[2025-10-16 13:12:23.696455][icp_odometry-3][STDERR] Possible reasons are listed at http://wiki.ros.org/tf/Errors%20explained
[2025-10-16 13:12:23.696455][icp_odometry-3][STDERR]          at line 294 in ./src/buffer_core.cpp
[2025-10-16 13:12:23.745720][rtabmap-4][STDERR] Warning: TF_OLD_DATA ignoring data from the past for frame odom at time 0.100000 according to authority Authority undetectable
[2025-10-16 13:12:23.745720][rtabmap-4][STDERR] Possible reasons are listed at http://wiki.ros.org/tf/Errors%20explained
[2025-10-16 13:12:23.745720][rtabmap-4][STDERR]          at line 294 in ./src/buffer_core.cpp
[2025-10-16 13:12:23.746280][icp_odometry-3][STDERR] Warning: TF_OLD_DATA ignoring data from the past for frame odom at time 0.100000 according to authority Authority undetectable
[2025-10-16 13:12:23.746280][icp_odometry-3][STDERR] Possible reasons are listed at http://wiki.ros.org/tf/Errors%20explained
[2025-10-16 13:12:23.746280][icp_odometry-3][STDERR]          at line 294 in ./src/buffer_core.cpp
[2025-10-16 13:12:23.795799][rtabmap-4][STDERR] Warning: TF_OLD_DATA ignoring data from the past for frame odom at time 0.100000 according to authority Authority undetectable
[2025-10-16 13:12:23.795799][rtabmap-4][STDERR] Possible reasons are listed at http://wiki.ros.org/tf/Errors%20explained
[2025-10-16 13:12:23.795799][rtabmap-4][STDERR]          at line 294 in ./src/buffer_core.cpp
[2025-10-16 13:12:23.796371][icp_odometry-3][STDERR] Warning: TF_OLD_DATA ignoring data from the past for frame odom at time 0.100000 according to authority Authority undetectable
[2025-10-16 13:12:23.796371][icp_odometry-3][STDERR] Possible reasons are listed at http://wiki.ros.org/tf/Errors%20explained
[2025-10-16 13:12:23.796371][icp_odometry-3][STDERR]          at line 294 in ./src/buffer_core.cpp
[2025-10-16 13:12:23.845877][rtabmap-4][STDERR] Warning: TF_OLD_DATA ignoring data from the past for frame odom at time 0.100000 according to authority Authority undetectable
[2025-10-16 13:12:23.845877][rtabmap-4][STDERR] Possible reasons are listed at http://wiki.ros.org/tf/Errors%20explained
[2025-10-16 13:12:23.845877][rtabmap-4][STDERR]          at line 294 in ./src/buffer_core.cpp
[2025-10-16 13:12:23.846441][icp_odometry-3][STDERR] Warning: TF_OLD_DATA ignoring data from the past for frame odom at time 0.100000 according to authority Authority undetectable
[2025-10-16 13:12:23.846441][icp_odometry-3][STDERR] Possible reasons are listed at http://wiki.ros.org/tf/Errors%20explained
[2025-10-16 13:12:23.846441][icp_odometry-3][STDERR]          at line 294 in ./src/buffer_core.cpp
[2025-10-16 13:12:23.895678][rtabmap-4][STDERR] Warning: TF_OLD_DATA ignoring data from the past for frame odom at time 0.100000 according to authority Authority undetectable
[2025-10-16 13:12:23.895678][rtabmap-4][STDERR] Possible reasons are listed at http://wiki.ros.org/tf/Errors%20explained
[2025-10-16 13:12:23.895678][rtabmap-4][STDERR]          at line 294 in ./src/buffer_core.cpp
[2025-10-16 13:12:23.896245][icp_odometry-3][STDERR] Warning: TF_OLD_DATA ignoring data from the past for frame odom at time 0.100000 according to authority Authority undetectable
[2025-10-16 13:12:23.896245][icp_odometry-3][STDERR] Possible reasons are listed at http://wiki.ros.org/tf/Errors%20explained
[2025-10-16 13:12:23.896245][icp_odometry-3][STDERR]          at line 294 in ./src/buffer_core.cpp
[2025-10-16 13:12:23.945819][icp_odometry-3][STDERR] Warning: TF_OLD_DATA ignoring data from the past for frame odom at time 0.100000 according to authority Authority undetectable
[2025-10-16 13:12:23.945819][icp_odometry-3][STDERR] Possible reasons are listed at http://wiki.ros.org/tf/Errors%20explained
[2025-10-16 13:12:23.945819][icp_odometry-3][STDERR]          at line 294 in ./src/buffer_core.cpp
[2025-10-16 13:12:23.946449][rtabmap-4][STDERR] Warning: TF_OLD_DATA ignoring data from the past for frame odom at time 0.100000 according to authority Authority undetectable
[2025-10-16 13:12:23.946449][rtabmap-4][STDERR] Possible reasons are listed at http://wiki.ros.org/tf/Errors%20explained
[2025-10-16 13:12:23.946449][rtabmap-4][STDERR]          at line 294 in ./src/buffer_core.cpp
[2025-10-16 13:12:23.995716][rtabmap-4][STDERR] Warning: TF_OLD_DATA ignoring data from the past for frame odom at time 0.100000 according to authority Authority undetectable
[2025-10-16 13:12:23.995716][rtabmap-4][STDERR] Possible reasons are listed at http://wiki.ros.org/tf/Errors%20explained
[2025-10-16 13:12:23.995716][rtabmap-4][STDERR]          at line 294 in ./src/buffer_core.cpp
[2025-10-16 13:12:23.996245][icp_odometry-3][STDERR] Warning: TF_OLD_DATA ignoring data from the past for frame odom at time 0.100000 according to authority Authority undetectable
[2025-10-16 13:12:23.996245][icp_odometry-3][STDERR] Possible reasons are listed at http://wiki.ros.org/tf/Errors%20explained
[2025-10-16 13:12:23.996245][icp_odometry-3][STDERR]          at line 294 in ./src/buffer_core.cpp
[2025-10-16 13:12:24.045750][icp_odometry-3][STDERR] Warning: TF_OLD_DATA ignoring data from the past for frame odom at time 0.100000 according to authority Authority undetectable
[2025-10-16 13:12:24.045750][icp_odometry-3][STDERR] Possible reasons are listed at http://wiki.ros.org/tf/Errors%20explained
[2025-10-16 13:12:24.045750][icp_odometry-3][STDERR]          at line 294 in ./src/buffer_core.cpp
[2025-10-16 13:12:24.046314][rtabmap-4][STDERR] Warning: TF_OLD_DATA ignoring data from the past for frame odom at time 0.100000 according to authority Authority undetectable
[2025-10-16 13:12:24.046314][rtabmap-4][STDERR] Possible reasons are listed at http://wiki.ros.org/tf/Errors%20explained
[2025-10-16 13:12:24.046314][rtabmap-4][STDERR]          at line 294 in ./src/buffer_core.cpp
[2025-10-16 13:12:24.095734][icp_odometry-3][STDERR] Warning: TF_OLD_DATA ignoring data from the past for frame odom at time 0.100000 according to authority Authority undetectable
[2025-10-16 13:12:24.095734][icp_odometry-3][STDERR] Possible reasons are listed at http://wiki.ros.org/tf/Errors%20explained
[2025-10-16 13:12:24.095734][icp_odometry-3][STDERR]          at line 294 in ./src/buffer_core.cpp
[2025-10-16 13:12:24.096279][rtabmap-4][STDERR] Warning: TF_OLD_DATA ignoring data from the past for frame odom at time 0.100000 according to authority Authority undetectable
[2025-10-16 13:12:24.096279][rtabmap-4][STDERR] Possible reasons are listed at http://wiki.ros.org/tf/Errors%20explained
[2025-10-16 13:12:24.096279][rtabmap-4][STDERR]          at line 294 in ./src/buffer_core.cpp
[2025-10-16 13:12:24.145586][icp_odometry-3][STDERR] Warning: TF_OLD_DATA ignoring data from the past for frame odom at time 0.100000 according to authority Authority undetectable
[2025-10-16 13:12:24.145586][icp_odometry-3][STDERR] Possible reasons are listed at http://wiki.ros.org/tf/Errors%20explained
[2025-10-16 13:12:24.145586][icp_odometry-3][STDERR]          at line 294 in ./src/buffer_core.cpp
[2025-10-16 13:12:24.146041][rtabmap-4][STDERR] Warning: TF_OLD_DATA ignoring data from the past for frame odom at time 0.100000 according to authority Authority undetectable
[2025-10-16 13:12:24.146041][rtabmap-4][STDERR] Possible reasons are listed at http://wiki.ros.org/tf/Errors%20explained
[2025-10-16 13:12:24.146041][rtabmap-4][STDERR]          at line 294 in ./src/buffer_core.cpp
[2025-10-16 13:12:24.195606][icp_odometry-3][STDERR] Warning: TF_OLD_DATA ignoring data from the past for frame odom at time 0.100000 according to authority Authority undetectable
[2025-10-16 13:12:24.195606][icp_odometry-3][STDERR] Possible reasons are listed at http://wiki.ros.org/tf/Errors%20explained
[2025-10-16 13:12:24.195606][icp_odometry-3][STDERR]          at line 294 in ./src/buffer_core.cpp
[2025-10-16 13:12:24.196166][rtabmap-4][STDERR] Warning: TF_OLD_DATA ignoring data from the past for frame odom at time 0.100000 according to authority Authority undetectable
[2025-10-16 13:12:24.196166][rtabmap-4][STDERR] Possible reasons are listed at http://wiki.ros.org/tf/Errors%20explained
[2025-10-16 13:12:24.196166][rtabmap-4][STDERR]          at line 294 in ./src/buffer_core.cpp
[2025-10-16 13:12:24.245645][icp_odometry-3][STDERR] Warning: TF_OLD_DATA ignoring data from the past for frame odom at time 0.100000 according to authority Authority undetectable
[2025-10-16 13:12:24.245645][icp_odometry-3][STDERR] Possible reasons are listed at http://wiki.ros.org/tf/Errors%20explained
[2025-10-16 13:12:24.245645][icp_odometry-3][STDERR]          at line 294 in ./src/buffer_core.cpp
[2025-10-16 13:12:24.246251][rtabmap-4][STDERR] Warning: TF_OLD_DATA ignoring data from the past for frame odom at time 0.100000 according to authority Authority undetectable
[2025-10-16 13:12:24.246251][rtabmap-4][STDERR] Possible reasons are listed at http://wiki.ros.org/tf/Errors%20explained
[2025-10-16 13:12:24.246251][rtabmap-4][STDERR]          at line 294 in ./src/buffer_core.cpp
[2025-10-16 13:12:24.295776][rtabmap-4][STDERR] Warning: TF_OLD_DATA ignoring data from the past for frame odom at time 0.100000 according to authority Authority undetectable
[2025-10-16 13:12:24.295776][rtabmap-4][STDERR] Possible reasons are listed at http://wiki.ros.org/tf/Errors%20explained
[2025-10-16 13:12:24.295776][rtabmap-4][STDERR]          at line 294 in ./src/buffer_core.cpp
[2025-10-16 13:12:24.296221][icp_odometry-3][STDERR] Warning: TF_OLD_DATA ignoring data from the past for frame odom at time 0.100000 according to authority Authority undetectable
[2025-10-16 13:12:24.296221][icp_odometry-3][STDERR] Possible reasons are listed at http://wiki.ros.org/tf/Errors%20explained
[2025-10-16 13:12:24.296221][icp_odometry-3][STDERR]          at line 294 in ./src/buffer_core.cpp
[2025-10-16 13:12:24.345915][icp_odometry-3][STDERR] Warning: TF_OLD_DATA ignoring data from the past for frame odom at time 0.100000 according to authority Authority undetectable
[2025-10-16 13:12:24.345915][icp_odometry-3][STDERR] Possible reasons are listed at http://wiki.ros.org/tf/Errors%20explained
[2025-10-16 13:12:24.345915][icp_odometry-3][STDERR]          at line 294 in ./src/buffer_core.cpp
[2025-10-16 13:12:24.346468][rtabmap-4][STDERR] Warning: TF_OLD_DATA ignoring data from the past for frame odom at time 0.100000 according to authority Authority undetectable
[2025-10-16 13:12:24.346468][rtabmap-4][STDERR] Possible reasons are listed at http://wiki.ros.org/tf/Errors%20explained
[2025-10-16 13:12:24.346468][rtabmap-4][STDERR]          at line 294 in ./src/buffer_core.cpp
[2025-10-16 13:12:24.396017][icp_odometry-3][STDERR] Warning: TF_OLD_DATA ignoring data from the past for frame odom at time 0.100000 according to authority Authority undetectable
[2025-10-16 13:12:24.396017][icp_odometry-3][STDERR] Possible reasons are listed at http://wiki.ros.org/tf/Errors%20explained
[2025-10-16 13:12:24.396017][icp_odometry-3][STDERR]          at line 294 in ./src/buffer_core.cpp
[2025-10-16 13:12:24.396602][rtabmap-4][STDERR] Warning: TF_OLD_DATA ignoring data from the past for frame odom at time 0.100000 according to authority Authority undetectable
[2025-10-16 13:12:24.396602][rtabmap-4][STDERR] Possible reasons are listed at http://wiki.ros.org/tf/Errors%20explained
[2025-10-16 13:12:24.396602][rtabmap-4][STDERR]          at line 294 in ./src/buffer_core.cpp
[2025-10-16 13:12:24.445889][icp_odometry-3][STDERR] Warning: TF_OLD_DATA ignoring data from the past for frame odom at time 0.100000 according to authority Authority undetectable
[2025-10-16 13:12:24.445889][icp_odometry-3][STDERR] Possible reasons are listed at http://wiki.ros.org/tf/Errors%20explained
[2025-10-16 13:12:24.445889][icp_odometry-3][STDERR]          at line 294 in ./src/buffer_core.cpp
[2025-10-16 13:12:24.446442][rtabmap-4][STDERR] Warning: TF_OLD_DATA ignoring data from the past for frame odom at time 0.100000 according to authority Authority undetectable
[2025-10-16 13:12:24.446442][rtabmap-4][STDERR] Possible reasons are listed at http://wiki.ros.org/tf/Errors%20explained
[2025-10-16 13:12:24.446442][rtabmap-4][STDERR]          at line 294 in ./src/buffer_core.cpp
[2025-10-16 13:12:24.495685][rtabmap-4][STDERR] Warning: TF_OLD_DATA ignoring data from the past for frame odom at time 0.100000 according to authority Authority undetectable
[2025-10-16 13:12:24.495685][rtabmap-4][STDERR] Possible reasons are listed at http://wiki.ros.org/tf/Errors%20explained
[2025-10-16 13:12:24.495685][rtabmap-4][STDERR]          at line 294 in ./src/buffer_core.cpp
[2025-10-16 13:12:24.496089][icp_odometry-3][STDERR] Warning: TF_OLD_DATA ignoring data from the past for frame odom at time 0.100000 according to authority Authority undetectable
[2025-10-16 13:12:24.496089][icp_odometry-3][STDERR] Possible reasons are listed at http://wiki.ros.org/tf/Errors%20explained
[2025-10-16 13:12:24.496089][icp_odometry-3][STDERR]          at line 294 in ./src/buffer_core.cpp
[2025-10-16 13:12:24.545702][icp_odometry-3][STDERR] Warning: TF_OLD_DATA ignoring data from the past for frame odom at time 0.100000 according to authority Authority undetectable
[2025-10-16 13:12:24.545702][icp_odometry-3][STDERR] Possible reasons are listed at http://wiki.ros.org/tf/Errors%20explained
[2025-10-16 13:12:24.545702][icp_odometry-3][STDERR]          at line 294 in ./src/buffer_core.cpp
[2025-10-16 13:12:24.546321][rtabmap-4][STDERR] Warning: TF_OLD_DATA ignoring data from the past for frame odom at time 0.100000 according to authority Authority undetectable
[2025-10-16 13:12:24.546321][rtabmap-4][STDERR] Possible reasons are listed at http://wiki.ros.org/tf/Errors%20explained
[2025-10-16 13:12:24.546321][rtabmap-4][STDERR]          at line 294 in ./src/buffer_core.cpp
[2025-10-16 13:12:24.595864][icp_odometry-3][STDERR] Warning: TF_OLD_DATA ignoring data from the past for frame odom at time 0.100000 according to authority Authority undetectable
[2025-10-16 13:12:24.595864][icp_odometry-3][STDERR] Possible reasons are listed at http://wiki.ros.org/tf/Errors%20explained
[2025-10-16 13:12:24.595864][icp_odometry-3][STDERR]          at line 294 in ./src/buffer_core.cpp
[2025-10-16 13:12:24.596440][rtabmap-4][STDERR] Warning: TF_OLD_DATA ignoring data from the past for frame odom at time 0.100000 according to authority Authority undetectable
[2025-10-16 13:12:24.596440][rtabmap-4][STDERR] Possible reasons are listed at http://wiki.ros.org/tf/Errors%20explained
[2025-10-16 13:12:24.596440][rtabmap-4][STDERR]          at line 294 in ./src/buffer_core.cpp
[2025-10-16 13:12:24.645887][icp_odometry-3][STDERR] Warning: TF_OLD_DATA ignoring data from the past for frame odom at time 0.100000 according to authority Authority undetectable
[2025-10-16 13:12:24.645887][icp_odometry-3][STDERR] Possible reasons are listed at http://wiki.ros.org/tf/Errors%20explained
[2025-10-16 13:12:24.645887][icp_odometry-3][STDERR]          at line 294 in ./src/buffer_core.cpp
[2025-10-16 13:12:24.646433][rtabmap-4][STDERR] Warning: TF_OLD_DATA ignoring data from the past for frame odom at time 0.100000 according to authority Authority undetectable
[2025-10-16 13:12:24.646433][rtabmap-4][STDERR] Possible reasons are listed at http://wiki.ros.org/tf/Errors%20explained
[2025-10-16 13:12:24.646433][rtabmap-4][STDERR]          at line 294 in ./src/buffer_core.cpp
[2025-10-16 13:12:24.695667][icp_odometry-3][STDERR] Warning: TF_OLD_DATA ignoring data from the past for frame odom at time 0.100000 according to authority Authority undetectable
[2025-10-16 13:12:24.695667][icp_odometry-3][STDERR] Possible reasons are listed at http://wiki.ros.org/tf/Errors%20explained
[2025-10-16 13:12:24.695667][icp_odometry-3][STDERR]          at line 294 in ./src/buffer_core.cpp
[2025-10-16 13:12:24.696191][rtabmap-4][STDERR] Warning: TF_OLD_DATA ignoring data from the past for frame odom at time 0.100000 according to authority Authority undetectable
[2025-10-16 13:12:24.696191][rtabmap-4][STDERR] Possible reasons are listed at http://wiki.ros.org/tf/Errors%20explained
[2025-10-16 13:12:24.696191][rtabmap-4][STDERR]          at line 294 in ./src/buffer_core.cpp
[2025-10-16 13:12:24.745844][icp_odometry-3][STDERR] Warning: TF_OLD_DATA ignoring data from the past for frame odom at time 0.100000 according to authority Authority undetectable
[2025-10-16 13:12:24.745844][icp_odometry-3][STDERR] Possible reasons are listed at http://wiki.ros.org/tf/Errors%20explained
[2025-10-16 13:12:24.745844][icp_odometry-3][STDERR]          at line 294 in ./src/buffer_core.cpp
[2025-10-16 13:12:24.746371][rtabmap-4][STDERR] Warning: TF_OLD_DATA ignoring data from the past for frame odom at time 0.100000 according to authority Authority undetectable
[2025-10-16 13:12:24.746371][rtabmap-4][STDERR] Possible reasons are listed at http://wiki.ros.org/tf/Errors%20explained
[2025-10-16 13:12:24.746371][rtabmap-4][STDERR]          at line 294 in ./src/buffer_core.cpp
[2025-10-16 13:12:24.795677][rtabmap-4][STDERR] Warning: TF_OLD_DATA ignoring data from the past for frame odom at time 0.100000 according to authority Authority undetectable
[2025-10-16 13:12:24.795677][rtabmap-4][STDERR] Possible reasons are listed at http://wiki.ros.org/tf/Errors%20explained
[2025-10-16 13:12:24.795677][rtabmap-4][STDERR]          at line 294 in ./src/buffer_core.cpp
[2025-10-16 13:12:24.796108][icp_odometry-3][STDERR] Warning: TF_OLD_DATA ignoring data from the past for frame odom at time 0.100000 according to authority Authority undetectable
[2025-10-16 13:12:24.796108][icp_odometry-3][STDERR] Possible reasons are listed at http://wiki.ros.org/tf/Errors%20explained
[2025-10-16 13:12:24.796108][icp_odometry-3][STDERR]          at line 294 in ./src/buffer_core.cpp
[2025-10-16 13:12:24.845667][rtabmap-4][STDERR] Warning: TF_OLD_DATA ignoring data from the past for frame odom at time 0.100000 according to authority Authority undetectable
[2025-10-16 13:12:24.845667][rtabmap-4][STDERR] Possible reasons are listed at http://wiki.ros.org/tf/Errors%20explained
[2025-10-16 13:12:24.845667][rtabmap-4][STDERR]          at line 294 in ./src/buffer_core.cpp
[2025-10-16 13:12:24.846289][icp_odometry-3][STDERR] Warning: TF_OLD_DATA ignoring data from the past for frame odom at time 0.100000 according to authority Authority undetectable
[2025-10-16 13:12:24.846289][icp_odometry-3][STDERR] Possible reasons are listed at http://wiki.ros.org/tf/Errors%20explained
[2025-10-16 13:12:24.846289][icp_odometry-3][STDERR]          at line 294 in ./src/buffer_core.cpp
[2025-10-16 13:12:24.895789][icp_odometry-3][STDERR] Warning: TF_OLD_DATA ignoring data from the past for frame odom at time 0.100000 according to authority Authority undetectable
[2025-10-16 13:12:24.895789][icp_odometry-3][STDERR] Possible reasons are listed at http://wiki.ros.org/tf/Errors%20explained
[2025-10-16 13:12:24.895789][icp_odometry-3][STDERR]          at line 294 in ./src/buffer_core.cpp
[2025-10-16 13:12:24.896412][rtabmap-4][STDERR] Warning: TF_OLD_DATA ignoring data from the past for frame odom at time 0.100000 according to authority Authority undetectable
[2025-10-16 13:12:24.896412][rtabmap-4][STDERR] Possible reasons are listed at http://wiki.ros.org/tf/Errors%20explained
[2025-10-16 13:12:24.896412][rtabmap-4][STDERR]          at line 294 in ./src/buffer_core.cpp
[2025-10-16 13:12:24.945668][rtabmap-4][STDERR] Warning: TF_OLD_DATA ignoring data from the past for frame odom at time 0.100000 according to authority Authority undetectable
[2025-10-16 13:12:24.945668][rtabmap-4][STDERR] Possible reasons are listed at http://wiki.ros.org/tf/Errors%20explained
[2025-10-16 13:12:24.945668][rtabmap-4][STDERR]          at line 294 in ./src/buffer_core.cpp
[2025-10-16 13:12:24.946127][icp_odometry-3][STDERR] Warning: TF_OLD_DATA ignoring data from the past for frame odom at time 0.100000 according to authority Authority undetectable
[2025-10-16 13:12:24.946127][icp_odometry-3][STDERR] Possible reasons are listed at http://wiki.ros.org/tf/Errors%20explained
[2025-10-16 13:12:24.946127][icp_odometry-3][STDERR]          at line 294 in ./src/buffer_core.cpp
[2025-10-16 13:12:24.995692][icp_odometry-3][STDERR] Warning: TF_OLD_DATA ignoring data from the past for frame odom at time 0.100000 according to authority Authority undetectable
[2025-10-16 13:12:24.995692][icp_odometry-3][STDERR] Possible reasons are listed at http://wiki.ros.org/tf/Errors%20explained
[2025-10-16 13:12:24.995692][icp_odometry-3][STDERR]          at line 294 in ./src/buffer_core.cpp
[2025-10-16 13:12:24.996214][rtabmap-4][STDERR] Warning: TF_OLD_DATA ignoring data from the past for frame odom at time 0.100000 according to authority Authority undetectable
[2025-10-16 13:12:24.996214][rtabmap-4][STDERR] Possible reasons are listed at http://wiki.ros.org/tf/Errors%20explained
[2025-10-16 13:12:24.996214][rtabmap-4][STDERR]          at line 294 in ./src/buffer_core.cpp
[2025-10-16 13:12:25.045848][icp_odometry-3][STDERR] Warning: TF_OLD_DATA ignoring data from the past for frame odom at time 0.100000 according to authority Authority undetectable
[2025-10-16 13:12:25.045848][icp_odometry-3][STDERR] Possible reasons are listed at http://wiki.ros.org/tf/Errors%20explained
[2025-10-16 13:12:25.045848][icp_odometry-3][STDERR]          at line 294 in ./src/buffer_core.cpp
[2025-10-16 13:12:25.046479][rtabmap-4][STDERR] Warning: TF_OLD_DATA ignoring data from the past for frame odom at time 0.100000 according to authority Authority undetectable
[2025-10-16 13:12:25.046479][rtabmap-4][STDERR] Possible reasons are listed at http://wiki.ros.org/tf/Errors%20explained
[2025-10-16 13:12:25.046479][rtabmap-4][STDERR]          at line 294 in ./src/buffer_core.cpp
[2025-10-16 13:12:25.095765][icp_odometry-3][STDERR] Warning: TF_OLD_DATA ignoring data from the past for frame odom at time 0.100000 according to authority Authority undetectable
[2025-10-16 13:12:25.095765][icp_odometry-3][STDERR] Possible reasons are listed at http://wiki.ros.org/tf/Errors%20explained
[2025-10-16 13:12:25.095765][icp_odometry-3][STDERR]          at line 294 in ./src/buffer_core.cpp
[2025-10-16 13:12:25.096484][rtabmap-4][STDERR] Warning: TF_OLD_DATA ignoring data from the past for frame odom at time 0.100000 according to authority Authority undetectable
[2025-10-16 13:12:25.096484][rtabmap-4][STDERR] Possible reasons are listed at http://wiki.ros.org/tf/Errors%20explained
[2025-10-16 13:12:25.096484][rtabmap-4][STDERR]          at line 294 in ./src/buffer_core.cpp
[2025-10-16 13:12:25.145711][rtabmap-4][STDERR] Warning: TF_OLD_DATA ignoring data from the past for frame odom at time 0.100000 according to authority Authority undetectable
[2025-10-16 13:12:25.145711][rtabmap-4][STDERR] Possible reasons are listed at http://wiki.ros.org/tf/Errors%20explained
[2025-10-16 13:12:25.145711][rtabmap-4][STDERR]          at line 294 in ./src/buffer_core.cpp
[2025-10-16 13:12:25.146252][icp_odometry-3][STDERR] Warning: TF_OLD_DATA ignoring data from the past for frame odom at time 0.100000 according to authority Authority undetectable
[2025-10-16 13:12:25.146252][icp_odometry-3][STDERR] Possible reasons are listed at http://wiki.ros.org/tf/Errors%20explained
[2025-10-16 13:12:25.146252][icp_odometry-3][STDERR]          at line 294 in ./src/buffer_core.cpp
[2025-10-16 13:12:25.196009][icp_odometry-3][STDERR] Warning: TF_OLD_DATA ignoring data from the past for frame odom at time 0.100000 according to authority Authority undetectable
[2025-10-16 13:12:25.196009][icp_odometry-3][STDERR] Possible reasons are listed at http://wiki.ros.org/tf/Errors%20explained
[2025-10-16 13:12:25.196009][icp_odometry-3][STDERR]          at line 294 in ./src/buffer_core.cpp
[2025-10-16 13:12:25.196649][rtabmap-4][STDERR] Warning: TF_OLD_DATA ignoring data from the past for frame odom at time 0.100000 according to authority Authority undetectable
[2025-10-16 13:12:25.196649][rtabmap-4][STDERR] Possible reasons are listed at http://wiki.ros.org/tf/Errors%20explained
[2025-10-16 13:12:25.196649][rtabmap-4][STDERR]          at line 294 in ./src/buffer_core.cpp
[2025-10-16 13:12:25.245564][rtabmap-4][STDERR] Warning: TF_OLD_DATA ignoring data from the past for frame odom at time 0.100000 according to authority Authority undetectable
[2025-10-16 13:12:25.245564][rtabmap-4][STDERR] Possible reasons are listed at http://wiki.ros.org/tf/Errors%20explained
[2025-10-16 13:12:25.245564][rtabmap-4][STDERR]          at line 294 in ./src/buffer_core.cpp
[2025-10-16 13:12:25.245940][icp_odometry-3][STDERR] Warning: TF_OLD_DATA ignoring data from the past for frame odom at time 0.100000 according to authority Authority undetectable
[2025-10-16 13:12:25.245940][icp_odometry-3][STDERR] Possible reasons are listed at http://wiki.ros.org/tf/Errors%20explained
[2025-10-16 13:12:25.245940][icp_odometry-3][STDERR]          at line 294 in ./src/buffer_core.cpp
[2025-10-16 13:12:25.295715][rtabmap-4][STDERR] Warning: TF_OLD_DATA ignoring data from the past for frame odom at time 0.100000 according to authority Authority undetectable
[2025-10-16 13:12:25.295715][rtabmap-4][STDERR] Possible reasons are listed at http://wiki.ros.org/tf/Errors%20explained
[2025-10-16 13:12:25.295715][rtabmap-4][STDERR]          at line 294 in ./src/buffer_core.cpp
[2025-10-16 13:12:25.296185][icp_odometry-3][STDERR] Warning: TF_OLD_DATA ignoring data from the past for frame odom at time 0.100000 according to authority Authority undetectable
[2025-10-16 13:12:25.296185][icp_odometry-3][STDERR] Possible reasons are listed at http://wiki.ros.org/tf/Errors%20explained
[2025-10-16 13:12:25.296185][icp_odometry-3][STDERR]          at line 294 in ./src/buffer_core.cpp
[2025-10-16 13:12:25.345766][icp_odometry-3][STDERR] Warning: TF_OLD_DATA ignoring data from the past for frame odom at time 0.100000 according to authority Authority undetectable
[2025-10-16 13:12:25.345766][icp_odometry-3][STDERR] Possible reasons are listed at http://wiki.ros.org/tf/Errors%20explained
[2025-10-16 13:12:25.345766][icp_odometry-3][STDERR]          at line 294 in ./src/buffer_core.cpp
[2025-10-16 13:12:25.346434][rtabmap-4][STDERR] Warning: TF_OLD_DATA ignoring data from the past for frame odom at time 0.100000 according to authority Authority undetectable
[2025-10-16 13:12:25.346434][rtabmap-4][STDERR] Possible reasons are listed at http://wiki.ros.org/tf/Errors%20explained
[2025-10-16 13:12:25.346434][rtabmap-4][STDERR]          at line 294 in ./src/buffer_core.cpp
[2025-10-16 13:12:25.395688][icp_odometry-3][STDERR] Warning: TF_OLD_DATA ignoring data from the past for frame odom at time 0.100000 according to authority Authority undetectable
[2025-10-16 13:12:25.395688][icp_odometry-3][STDERR] Possible reasons are listed at http://wiki.ros.org/tf/Errors%20explained
[2025-10-16 13:12:25.395688][icp_odometry-3][STDERR]          at line 294 in ./src/buffer_core.cpp
[2025-10-16 13:12:25.396167][rtabmap-4][STDERR] Warning: TF_OLD_DATA ignoring data from the past for frame odom at time 0.100000 according to authority Authority undetectable
[2025-10-16 13:12:25.396167][rtabmap-4][STDERR] Possible reasons are listed at http://wiki.ros.org/tf/Errors%20explained
[2025-10-16 13:12:25.396167][rtabmap-4][STDERR]          at line 294 in ./src/buffer_core.cpp
[2025-10-16 13:12:25.445684][icp_odometry-3][STDERR] Warning: TF_OLD_DATA ignoring data from the past for frame odom at time 0.100000 according to authority Authority undetectable
[2025-10-16 13:12:25.445684][icp_odometry-3][STDERR] Possible reasons are listed at http://wiki.ros.org/tf/Errors%20explained
[2025-10-16 13:12:25.445684][icp_odometry-3][STDERR]          at line 294 in ./src/buffer_core.cpp
[2025-10-16 13:12:25.446072][rtabmap-4][STDERR] Warning: TF_OLD_DATA ignoring data from the past for frame odom at time 0.100000 according to authority Authority undetectable
[2025-10-16 13:12:25.446072][rtabmap-4][STDERR] Possible reasons are listed at http://wiki.ros.org/tf/Errors%20explained
[2025-10-16 13:12:25.446072][rtabmap-4][STDERR]          at line 294 in ./src/buffer_core.cpp
[2025-10-16 13:12:25.495797][icp_odometry-3][STDERR] Warning: TF_OLD_DATA ignoring data from the past for frame odom at time 0.100000 according to authority Authority undetectable
[2025-10-16 13:12:25.495797][icp_odometry-3][STDERR] Possible reasons are listed at http://wiki.ros.org/tf/Errors%20explained
[2025-10-16 13:12:25.495797][icp_odometry-3][STDERR]          at line 294 in ./src/buffer_core.cpp
[2025-10-16 13:12:25.496606][rtabmap-4][STDERR] Warning: TF_OLD_DATA ignoring data from the past for frame odom at time 0.100000 according to authority Authority undetectable
[2025-10-16 13:12:25.496606][rtabmap-4][STDERR] Possible reasons are listed at http://wiki.ros.org/tf/Errors%20explained
[2025-10-16 13:12:25.496606][rtabmap-4][STDERR]          at line 294 in ./src/buffer_core.cpp
[2025-10-16 13:12:25.545492][icp_odometry-3][STDERR] Warning: TF_OLD_DATA ignoring data from the past for frame odom at time 0.100000 according to authority Authority undetectable
[2025-10-16 13:12:25.545492][icp_odometry-3][STDERR] Possible reasons are listed at http://wiki.ros.org/tf/Errors%20explained
[2025-10-16 13:12:25.545492][icp_odometry-3][STDERR]          at line 294 in ./src/buffer_core.cpp
[2025-10-16 13:12:25.545932][rtabmap-4][STDERR] Warning: TF_OLD_DATA ignoring data from the past for frame odom at time 0.100000 according to authority Authority undetectable
[2025-10-16 13:12:25.545932][rtabmap-4][STDERR] Possible reasons are listed at http://wiki.ros.org/tf/Errors%20explained
[2025-10-16 13:12:25.545932][rtabmap-4][STDERR]          at line 294 in ./src/buffer_core.cpp
[2025-10-16 13:12:25.595791][icp_odometry-3][STDERR] Warning: TF_OLD_DATA ignoring data from the past for frame odom at time 0.100000 according to authority Authority undetectable
[2025-10-16 13:12:25.595791][icp_odometry-3][STDERR] Possible reasons are listed at http://wiki.ros.org/tf/Errors%20explained
[2025-10-16 13:12:25.595791][icp_odometry-3][STDERR]          at line 294 in ./src/buffer_core.cpp
[2025-10-16 13:12:25.596259][rtabmap-4][STDERR] Warning: TF_OLD_DATA ignoring data from the past for frame odom at time 0.100000 according to authority Authority undetectable
[2025-10-16 13:12:25.596259][rtabmap-4][STDERR] Possible reasons are listed at http://wiki.ros.org/tf/Errors%20explained
[2025-10-16 13:12:25.596259][rtabmap-4][STDERR]          at line 294 in ./src/buffer_core.cpp
[2025-10-16 13:12:25.645601][icp_odometry-3][STDERR] Warning: TF_OLD_DATA ignoring data from the past for frame odom at time 0.100000 according to authority Authority undetectable
[2025-10-16 13:12:25.645601][icp_odometry-3][STDERR] Possible reasons are listed at http://wiki.ros.org/tf/Errors%20explained
[2025-10-16 13:12:25.645601][icp_odometry-3][STDERR]          at line 294 in ./src/buffer_core.cpp
[2025-10-16 13:12:25.646139][rtabmap-4][STDERR] Warning: TF_OLD_DATA ignoring data from the past for frame odom at time 0.100000 according to authority Authority undetectable
[2025-10-16 13:12:25.646139][rtabmap-4][STDERR] Possible reasons are listed at http://wiki.ros.org/tf/Errors%20explained
[2025-10-16 13:12:25.646139][rtabmap-4][STDERR]          at line 294 in ./src/buffer_core.cpp
[2025-10-16 13:12:25.696054][icp_odometry-3][STDERR] Warning: TF_OLD_DATA ignoring data from the past for frame odom at time 0.100000 according to authority Authority undetectable
[2025-10-16 13:12:25.696054][icp_odometry-3][STDERR] Possible reasons are listed at http://wiki.ros.org/tf/Errors%20explained
[2025-10-16 13:12:25.696054][icp_odometry-3][STDERR]          at line 294 in ./src/buffer_core.cpp
[2025-10-16 13:12:25.696692][rtabmap-4][STDERR] Warning: TF_OLD_DATA ignoring data from the past for frame odom at time 0.100000 according to authority Authority undetectable
[2025-10-16 13:12:25.696692][rtabmap-4][STDERR] Possible reasons are listed at http://wiki.ros.org/tf/Errors%20explained
[2025-10-16 13:12:25.696692][rtabmap-4][STDERR]          at line 294 in ./src/buffer_core.cpp
[2025-10-16 13:12:25.746072][rtabmap-4][STDERR] Warning: TF_OLD_DATA ignoring data from the past for frame odom at time 0.100000 according to authority Authority undetectable
[2025-10-16 13:12:25.746072][rtabmap-4][STDERR] Possible reasons are listed at http://wiki.ros.org/tf/Errors%20explained
[2025-10-16 13:12:25.746072][rtabmap-4][STDERR]          at line 294 in ./src/buffer_core.cpp
[2025-10-16 13:12:25.746659][icp_odometry-3][STDERR] Warning: TF_OLD_DATA ignoring data from the past for frame odom at time 0.100000 according to authority Authority undetectable
[2025-10-16 13:12:25.746659][icp_odometry-3][STDERR] Possible reasons are listed at http://wiki.ros.org/tf/Errors%20explained
[2025-10-16 13:12:25.746659][icp_odometry-3][STDERR]          at line 294 in ./src/buffer_core.cpp
[2025-10-16 13:12:25.795943][icp_odometry-3][STDERR] Warning: TF_OLD_DATA ignoring data from the past for frame odom at time 0.100000 according to authority Authority undetectable
[2025-10-16 13:12:25.795943][icp_odometry-3][STDERR] Possible reasons are listed at http://wiki.ros.org/tf/Errors%20explained
[2025-10-16 13:12:25.795943][icp_odometry-3][STDERR]          at line 294 in ./src/buffer_core.cpp
[2025-10-16 13:12:25.796521][rtabmap-4][STDERR] Warning: TF_OLD_DATA ignoring data from the past for frame odom at time 0.100000 according to authority Authority undetectable
[2025-10-16 13:12:25.796521][rtabmap-4][STDERR] Possible reasons are listed at http://wiki.ros.org/tf/Errors%20explained
[2025-10-16 13:12:25.796521][rtabmap-4][STDERR]          at line 294 in ./src/buffer_core.cpp
[2025-10-16 13:12:25.805653][rtabmap-4][STDERR] [INFO] [1760587945.800522302] [rclcpp]: signal_handler(signum=2)
[2025-10-16 13:12:25.806081][icp_odometry-3][STDERR] [INFO] [1760587945.800583686] [rclcpp]: signal_handler(signum=2)
[2025-10-16 13:12:25.806442][robot_state_publisher-1][STDERR] [INFO] [1760587945.800631436] [rclcpp]: signal_handler(signum=2)
[2025-10-16 13:12:25.852428][rtabmap-4][STDERR] [INFO] [1760587945.852039714] [rtabmap]: Parameters are not saved (No configuration file provided...)
[2025-10-16 13:12:26.045599][rtabmap_feedback_loop-6][STDERR] Traceback (most recent call last):
[2025-10-16 13:12:26.045599][rtabmap_feedback_loop-6][STDERR]   File "/home/kkit/newdisk/draco_tcpip/ros2_ws/install/slam_stream_bridge/lib/python3.10/site-packages/slam_stream_bridge/nodes/rtabmap_feedback_loop.py", line 378, in main
[2025-10-16 13:12:26.046354][rtabmap_feedback_loop-6][STDERR]     rclpy.spin(node)
[2025-10-16 13:12:26.046354][rtabmap_feedback_loop-6][STDERR]   File "/opt/ros/humble/local/lib/python3.10/dist-packages/rclpy/__init__.py", line 229, in spin
[2025-10-16 13:12:26.046354][rtabmap_feedback_loop-6][STDERR]     executor.spin_once()
[2025-10-16 13:12:26.046354][rtabmap_feedback_loop-6][STDERR]   File "/opt/ros/humble/local/lib/python3.10/dist-packages/rclpy/executors.py", line 751, in spin_once
[2025-10-16 13:12:26.046354][rtabmap_feedback_loop-6][STDERR]     self._spin_once_impl(timeout_sec)
[2025-10-16 13:12:26.046354][rtabmap_feedback_loop-6][STDERR]   File "/opt/ros/humble/local/lib/python3.10/dist-packages/rclpy/executors.py", line 740, in _spin_once_impl
[2025-10-16 13:12:26.047833][rtabmap_feedback_loop-6][STDERR]     handler, entity, node = self.wait_for_ready_callbacks(timeout_sec=timeout_sec)
[2025-10-16 13:12:26.047833][rtabmap_feedback_loop-6][STDERR]   File "/opt/ros/humble/local/lib/python3.10/dist-packages/rclpy/executors.py", line 723, in wait_for_ready_callbacks
[2025-10-16 13:12:26.047833][rtabmap_feedback_loop-6][STDERR]     return next(self._cb_iter)
[2025-10-16 13:12:26.047833][rtabmap_feedback_loop-6][STDERR]   File "/opt/ros/humble/local/lib/python3.10/dist-packages/rclpy/executors.py", line 620, in _wait_for_ready_callbacks
[2025-10-16 13:12:26.047833][rtabmap_feedback_loop-6][STDERR]     wait_set.wait(timeout_nsec)
[2025-10-16 13:12:26.047833][rtabmap_feedback_loop-6][STDERR] KeyboardInterrupt
[2025-10-16 13:12:26.047833][rtabmap_feedback_loop-6][STDERR] 
[2025-10-16 13:12:26.047833][rtabmap_feedback_loop-6][STDERR] During handling of the above exception, another exception occurred:
[2025-10-16 13:12:26.047833][rtabmap_feedback_loop-6][STDERR] 
[2025-10-16 13:12:26.047833][rtabmap_feedback_loop-6][STDERR] Traceback (most recent call last):
[2025-10-16 13:12:26.047833][rtabmap_feedback_loop-6][STDERR]   File "/home/kkit/newdisk/draco_tcpip/ros2_ws/install/slam_stream_bridge/lib/slam_stream_bridge/rtabmap_feedback_loop", line 33, in <module>
[2025-10-16 13:12:26.047833][rtabmap_feedback_loop-6][STDERR]     sys.exit(load_entry_point('slam-stream-bridge==0.1.0', 'console_scripts', 'rtabmap_feedback_loop')())
[2025-10-16 13:12:26.047833][rtabmap_feedback_loop-6][STDERR]   File "/home/kkit/newdisk/draco_tcpip/ros2_ws/install/slam_stream_bridge/lib/python3.10/site-packages/slam_stream_bridge/nodes/rtabmap_feedback_loop.py", line 381, in main
[2025-10-16 13:12:26.047833][rtabmap_feedback_loop-6][STDERR]     rclpy.shutdown()
[2025-10-16 13:12:26.047833][rtabmap_feedback_loop-6][STDERR]   File "/opt/ros/humble/local/lib/python3.10/dist-packages/rclpy/__init__.py", line 130, in shutdown
[2025-10-16 13:12:26.047833][rtabmap_feedback_loop-6][STDERR]     _shutdown(context=context)
[2025-10-16 13:12:26.047833][rtabmap_feedback_loop-6][STDERR]   File "/opt/ros/humble/local/lib/python3.10/dist-packages/rclpy/utilities.py", line 58, in shutdown
[2025-10-16 13:12:26.047833][rtabmap_feedback_loop-6][STDERR]     return context.shutdown()
[2025-10-16 13:12:26.047833][rtabmap_feedback_loop-6][STDERR]   File "/opt/ros/humble/local/lib/python3.10/dist-packages/rclpy/context.py", line 102, in shutdown
[2025-10-16 13:12:26.047833][rtabmap_feedback_loop-6][STDERR]     self.__context.shutdown()
[2025-10-16 13:12:26.048312][rtabmap_feedback_loop-6][STDERR] rclpy._rclpy_pybind11.RCLError: failed to shutdown: rcl_shutdown already called on the given context, at ./src/rcl/init.c:241
[2025-10-16 13:12:26.049636][time_jump_reset-5][STDERR] Traceback (most recent call last):
[2025-10-16 13:12:26.049636][time_jump_reset-5][STDERR]   File "/home/kkit/newdisk/draco_tcpip/ros2_ws/install/slam_stream_bridge/lib/python3.10/site-packages/slam_stream_bridge/nodes/time_jump_reset.py", line 125, in main
[2025-10-16 13:12:26.050215][time_jump_reset-5][STDERR]     rclpy.spin(node)
[2025-10-16 13:12:26.050215][time_jump_reset-5][STDERR]   File "/opt/ros/humble/local/lib/python3.10/dist-packages/rclpy/__init__.py", line 229, in spin
[2025-10-16 13:12:26.050215][time_jump_reset-5][STDERR]     executor.spin_once()
[2025-10-16 13:12:26.050215][time_jump_reset-5][STDERR]   File "/opt/ros/humble/local/lib/python3.10/dist-packages/rclpy/executors.py", line 751, in spin_once
[2025-10-16 13:12:26.050215][time_jump_reset-5][STDERR]     self._spin_once_impl(timeout_sec)
[2025-10-16 13:12:26.050215][time_jump_reset-5][STDERR]   File "/opt/ros/humble/local/lib/python3.10/dist-packages/rclpy/executors.py", line 740, in _spin_once_impl
[2025-10-16 13:12:26.051197][time_jump_reset-5][STDERR]     handler, entity, node = self.wait_for_ready_callbacks(timeout_sec=timeout_sec)
[2025-10-16 13:12:26.051197][time_jump_reset-5][STDERR]   File "/opt/ros/humble/local/lib/python3.10/dist-packages/rclpy/executors.py", line 723, in wait_for_ready_callbacks
[2025-10-16 13:12:26.051197][time_jump_reset-5][STDERR]     return next(self._cb_iter)
[2025-10-16 13:12:26.051197][time_jump_reset-5][STDERR]   File "/opt/ros/humble/local/lib/python3.10/dist-packages/rclpy/executors.py", line 620, in _wait_for_ready_callbacks
[2025-10-16 13:12:26.051197][time_jump_reset-5][STDERR]     wait_set.wait(timeout_nsec)
[2025-10-16 13:12:26.051197][time_jump_reset-5][STDERR] KeyboardInterrupt
[2025-10-16 13:12:26.051197][time_jump_reset-5][STDERR] 
[2025-10-16 13:12:26.051197][time_jump_reset-5][STDERR] During handling of the above exception, another exception occurred:
[2025-10-16 13:12:26.051197][time_jump_reset-5][STDERR] 
[2025-10-16 13:12:26.051197][time_jump_reset-5][STDERR] Traceback (most recent call last):
[2025-10-16 13:12:26.051197][time_jump_reset-5][STDERR]   File "/home/kkit/newdisk/draco_tcpip/ros2_ws/install/slam_stream_bridge/lib/slam_stream_bridge/time_jump_reset", line 33, in <module>
[2025-10-16 13:12:26.051197][time_jump_reset-5][STDERR]     sys.exit(load_entry_point('slam-stream-bridge==0.1.0', 'console_scripts', 'time_jump_reset')())
[2025-10-16 13:12:26.051197][time_jump_reset-5][STDERR]   File "/home/kkit/newdisk/draco_tcpip/ros2_ws/install/slam_stream_bridge/lib/python3.10/site-packages/slam_stream_bridge/nodes/time_jump_reset.py", line 128, in main
[2025-10-16 13:12:26.051197][time_jump_reset-5][STDERR]     rclpy.shutdown()
[2025-10-16 13:12:26.051197][time_jump_reset-5][STDERR]   File "/opt/ros/humble/local/lib/python3.10/dist-packages/rclpy/__init__.py", line 130, in shutdown
[2025-10-16 13:12:26.051697][time_jump_reset-5][STDERR]     _shutdown(context=context)
[2025-10-16 13:12:26.051697][time_jump_reset-5][STDERR]   File "/opt/ros/humble/local/lib/python3.10/dist-packages/rclpy/utilities.py", line 58, in shutdown
[2025-10-16 13:12:26.052080][time_jump_reset-5][STDERR]     return context.shutdown()
[2025-10-16 13:12:26.052080][time_jump_reset-5][STDERR]   File "/opt/ros/humble/local/lib/python3.10/dist-packages/rclpy/context.py", line 102, in shutdown
[2025-10-16 13:12:26.052080][time_jump_reset-5][STDERR]     self.__context.shutdown()
[2025-10-16 13:12:26.052080][time_jump_reset-5][STDERR] rclpy._rclpy_pybind11.RCLError: failed to shutdown: rcl_shutdown already called on the given context, at ./src/rcl/init.c:241
[2025-10-16 13:12:26.121967][rtabmap-4][STDOUT] rtabmap: Saving database/long-term memory... (located at /home/kkit/.ros/rtabmap.db)
[2025-10-16 13:12:26.121967][rtabmap-4][STDOUT] rtabmap: Saving database/long-term memory...done! (located at /home/kkit/.ros/rtabmap.db, 0 MB)
